,fit_time,score_time,test_accuracy,test_f1,test_roc_auc,test_neg_log_loss
count,5.0,5.0,5.0,5.0,5.0,5.0
mean,0.006604957580566406,0.012394380569458009,0.9653012233446926,0.0,0.5,-1.1984532880746097
std,0.0005482691550229732,0.0005436777847673203,7.562394582100781e-05,0.0,0.0,0.0026119585548137854
min,0.005998849868774414,0.011992454528808594,0.965245995423341,0.0,0.5,-1.20036079290093
25%,0.006011962890625,0.011999845504760742,0.965245995423341,0.0,0.5,-1.20036079290093
50%,0.006962299346923828,0.011999845504760742,0.965245995423341,0.0,0.5,-1.20036079290093
75%,0.00699925422668457,0.012978792190551758,0.96538406522672,0.0,0.5,-1.1955920308351295
max,0.007052421569824219,0.013000965118408203,0.96538406522672,0.0,0.5,-1.1955920308351295
