,fit_time,score_time,test_accuracy,test_f1,test_roc_auc,test_neg_log_loss
count,5.0,5.0,5.0,5.0,5.0,5.0
mean,0.006605100631713867,0.013217401504516602,0.9653012233446926,0.0,0.5,-1.1984532880746097
std,0.0002859158902098035,0.0007687901152344176,7.562394582100781e-05,0.0,0.0,0.0026119585548137854
min,0.0064411163330078125,0.012733936309814453,0.965245995423341,0.0,0.5,-1.20036079290093
25%,0.006484031677246094,0.012831926345825195,0.965245995423341,0.0,0.5,-1.20036079290093
50%,0.006490230560302734,0.012902975082397461,0.965245995423341,0.0,0.5,-1.20036079290093
75%,0.006494998931884766,0.01304006576538086,0.96538406522672,0.0,0.5,-1.1955920308351295
max,0.00711512565612793,0.014578104019165039,0.96538406522672,0.0,0.5,-1.1955920308351295
