,fit_time,score_time,test_accuracy,test_f1,test_roc_auc,test_neg_log_loss
count,5.0,5.0,5.0,5.0,5.0,5.0
mean,0.09016094207763672,13.227338838577271,0.9633560532387669,0.2521981027331331,0.6793540452384785,-0.7877661670637233
std,0.054402401736022836,0.4741485353405113,0.00212914009888469,0.056547964017323385,0.03701433716499015,0.08449955556861773
min,0.05310821533203125,12.577738523483276,0.9609553775743707,0.17993079584775087,0.6206824029026645,-0.8911728493517871
25%,0.05497026443481445,12.912607431411743,0.961521956801602,0.21114369501466274,0.6745388664864951,-0.8632783428181975
50%,0.056992292404174805,13.385708332061768,0.9636727688787186,0.2573099415204678,0.6869927994209781,-0.7454145381421916
75%,0.10701179504394531,13.511234998703003,0.9645308924485125,0.30534351145038163,0.6931918583274339,-0.7423594450913171
max,0.17872214317321777,13.749404907226562,0.9660992704906308,0.30726256983240224,0.7213642990548211,-0.6966056599151231
