,fit_time,score_time,test_accuracy,test_f1,test_roc_auc,test_neg_log_loss
count,5.0,5.0,5.0,5.0,5.0,5.0
mean,2.0823551177978517,0.0513613224029541,0.9629841996918562,0.18761668179097715,0.6909032765819629,-0.15951638325714879
std,0.11887094806348576,0.011196234290024289,0.0022725900285307755,0.04440473205734671,0.04172041165934337,0.011119102942250911
min,1.9273993968963623,0.044719696044921875,0.9596681922196796,0.13651877133105803,0.6396438896977698,-0.17310684398910825
25%,2.0393691062927246,0.04484891891479492,0.9619565217391305,0.1607142857142857,0.6582398733663942,-0.16771530716004043
50%,2.0475540161132812,0.04602408409118652,0.9638106136461164,0.17901234567901234,0.6951537968894076,-0.1563429407268036
75%,2.1643288135528564,0.05022788047790527,0.9638106136461164,0.2118380062305296,0.7245731268220197,-0.15565209832629326
max,2.233124256134033,0.07098603248596191,0.965675057208238,0.25,0.7369056961342237,-0.1447647260834984
