,fit_time,score_time,test_accuracy,test_f1,test_roc_auc,test_neg_log_loss
count,5.0,5.0,5.0,5.0,5.0,5.0
mean,2.4760759830474854,0.10020627975463867,0.9629841996918562,0.18761668179097715,0.6909008350483407,-0.15951586188575317
std,0.134410540887605,0.005796369067014031,0.0022725900285307755,0.04440473205734671,0.04171785574369203,0.011118496659630151
min,2.3169994354248047,0.09399986267089844,0.9596681922196796,0.13651877133105803,0.6396451142440448,-0.17310508678974015
25%,2.4321746826171875,0.09503555297851562,0.9619565217391305,0.1607142857142857,0.6582398733663941,-0.16771521336754952
50%,2.4615542888641357,0.10100007057189941,0.9638106136461164,0.17901234567901234,0.695149510977445,-0.15634221487156177
75%,2.4819467067718506,0.1029977798461914,0.9638106136461164,0.2118380062305296,0.7245670292870702,-0.15565163339464358
max,2.6877048015594482,0.10799813270568848,0.965675057208238,0.25,0.736902647366749,-0.14476516100527084
