,fit_time,score_time,test_accuracy,test_f1,test_roc_auc,test_neg_log_loss
count,5.0,5.0,5.0,5.0,5.0,5.0
mean,6.419545221328735,0.1382981777191162,0.9659019384844914,0.11706743445631984,0.7365213261763592,-0.2437837848196042
std,0.34596291156793857,0.007787741526431555,0.0009732107120147235,0.06415304352465917,0.03454868586998152,0.019662436293711758
min,5.980644941329956,0.13107705116271973,0.9646739130434783,0.047619047619047616,0.6769646926572532,-0.27063462920245457
25%,6.251248836517334,0.13335418701171875,0.965675057208238,0.05533596837944664,0.7379178869358485,-0.252633213954222
50%,6.423643112182617,0.13718771934509277,0.9658131883850665,0.13138686131386862,0.7494678376372784,-0.2440938446927332
75%,6.526257038116455,0.13874506950378418,0.9659562294378486,0.15555555555555556,0.7548997157828097,-0.23280347297549348
max,6.9159321784973145,0.15112686157226562,0.967391304347826,0.19543973941368076,0.7633564978686067,-0.21875376327311766
