,fit_time,score_time,test_accuracy,test_f1,test_roc_auc,test_neg_log_loss
count,5.0,5.0,5.0,5.0,5.0,5.0
mean,7.916477108001709,0.16446595191955565,0.9659019384844914,0.11706743445631984,0.7365213261763592,-0.2437837848196042
std,1.9487967988091992,0.006555251476093025,0.0009732107120147235,0.06415304352465917,0.03454868586998152,0.019662436293711758
min,6.846075057983398,0.15822410583496094,0.9646739130434783,0.047619047619047616,0.6769646926572532,-0.27063462920245457
25%,7.0628602504730225,0.1589188575744629,0.965675057208238,0.05533596837944664,0.7379178869358485,-0.252633213954222
50%,7.114897727966309,0.16322827339172363,0.9658131883850665,0.13138686131386862,0.7494678376372784,-0.2440938446927332
75%,7.162693977355957,0.16817069053649902,0.9659562294378486,0.15555555555555556,0.7548997157828097,-0.23280347297549348
max,11.395858526229858,0.17378783226013184,0.967391304347826,0.19543973941368076,0.7633564978686067,-0.21875376327311766
