,fit_time,score_time,test_accuracy,test_f1,test_roc_auc,test_neg_log_loss
count,5.0,5.0,5.0,5.0,5.0,5.0
mean,558.0836524009704,19.026810598373412,0.9642142054495041,0.187739248121015,0.6782695454832443,-0.1405588704108994
std,33.81509842806348,0.6884572809421028,0.0014978039239574594,0.05079712567233849,0.03502790544022516,0.00570919428297056
min,512.2978990077972,18.113344430923462,0.9626716247139588,0.125,0.6209542521757125,-0.14977193055407464
25%,548.8313753604889,18.56850266456604,0.9632437070938215,0.16835016835016833,0.6724635931432001,-0.14132517543789352
50%,559.226105928421,19.1622211933136,0.9639536546988986,0.18181818181818182,0.6898659578892041,-0.1395335680537451
75%,563.3723564147949,19.45952844619751,0.9646688599628094,0.19937694704049846,0.6960575120403512,-0.13745534391762645
max,606.6905252933502,19.830456256866455,0.9665331807780321,0.2641509433962264,0.712006412167753,-0.13470833409115734
