,fit_time,score_time,test_accuracy,test_f1,test_roc_auc,test_neg_log_loss
count,5.0,5.0,5.0,5.0,5.0,5.0
mean,0.0012065410614013673,0.0036611080169677733,0.8833992267006053,0.0,0.5,-4.027248036461463
std,6.940921343759983e-05,0.00011869527146523887,0.00039271985381473043,0.0,0.0,0.013564063216748995
min,0.0011510848999023438,0.0034699440002441406,0.8831985624438454,0.0,0.5,-4.0341787343561455
25%,0.0011630058288574219,0.003633260726928711,0.8831985624438454,0.0,0.5,-4.0341787343561455
50%,0.0011799335479736328,0.0036890506744384766,0.8831985624438454,0.0,0.5,-4.034178734356145
75%,0.0012159347534179688,0.0037560462951660156,0.8833034111310593,0.0,0.5,-4.030557388993167
max,0.0013227462768554688,0.0037572383880615234,0.8840970350404312,0.0,0.5,-4.003146590245713
