,fit_time,score_time,test_accuracy,test_f1,test_roc_auc,test_neg_log_loss
count,5.0,5.0,5.0,5.0,5.0,5.0
mean,0.0014020442962646485,0.004398441314697266,0.8833992267006053,0.0,0.5,-4.027248036461463
std,0.000546930261349017,0.0005493359274591015,0.00039271985381473043,0.0,0.0,0.013564063216748995
min,0.0009999275207519531,0.003965854644775391,0.8831985624438454,0.0,0.5,-4.0341787343561455
25%,0.0010001659393310547,0.004001140594482422,0.8831985624438454,0.0,0.5,-4.0341787343561455
50%,0.0010077953338623047,0.004025697708129883,0.8831985624438454,0.0,0.5,-4.034178734356145
75%,0.002001047134399414,0.004998683929443359,0.8833034111310593,0.0,0.5,-4.030557388993167
max,0.0020012855529785156,0.0050008296966552734,0.8840970350404312,0.0,0.5,-4.003146590245713
