,fit_time,score_time,test_accuracy,test_f1,test_roc_auc,test_neg_log_loss
count,5.0,5.0,5.0,5.0,5.0,5.0
mean,0.001615619659423828,0.0049858570098876955,0.8833992267006053,0.0,0.5,-4.027248036461463
std,0.0005442195515803349,0.001216388194768737,0.00039271985381473043,0.0,0.0,0.013564063216748995
min,0.001003265380859375,0.00396418571472168,0.8831985624438454,0.0,0.5,-4.0341787343561455
25%,0.0010361671447753906,0.004000663757324219,0.8831985624438454,0.0,0.5,-4.0341787343561455
50%,0.0019991397857666016,0.0050008296966552734,0.8831985624438454,0.0,0.5,-4.034178734356145
75%,0.0020096302032470703,0.005002021789550781,0.8833034111310593,0.0,0.5,-4.030557388993167
max,0.002029895782470703,0.0069615840911865234,0.8840970350404312,0.0,0.5,-4.003146590245713
