,fit_time,score_time,test_accuracy,test_f1,test_roc_auc,test_neg_log_loss
count,5.0,5.0,5.0,5.0,5.0,5.0
mean,5.366747570037842,0.0203855037689209,0.8882496882767876,0.11081427922776141,0.8430702689746912,-0.2824300700912604
std,0.17134513929337486,0.00564610665758032,0.00227897304579153,0.03427517401797494,0.02262664683071297,0.008345257318785168
min,5.19514012336731,0.016964435577392578,0.8849955076370171,0.07352941176470588,0.8153259253462712,-0.29057368471322004
25%,5.219819068908691,0.016991853713989258,0.8867924528301887,0.08571428571428573,0.8347356147980085,-0.28890642612744266
50%,5.3886590003967285,0.01699686050415039,0.889487870619946,0.10218978102189781,0.8355065666041276,-0.2846671717907602
75%,5.4103546142578125,0.02097296714782715,0.889487870619946,0.13986013986013984,0.8549143125440176,-0.27740936049248077
max,5.619765043258667,0.030001401901245117,0.8904847396768402,0.15277777777777776,0.8748689255810314,-0.2705937073323983
