,fit_time,score_time,test_accuracy,test_f1,test_roc_auc,test_neg_log_loss
count,5.0,5.0,5.0,5.0,5.0,5.0
mean,4.88524899482727,0.016284990310668945,0.8882496882767876,0.11081427922776141,0.8430702689746912,-0.2824300700912604
std,0.09988406969295144,0.0005609910993197568,0.00227897304579153,0.03427517401797494,0.02262664683071297,0.008345257318785168
min,4.784452676773071,0.01598811149597168,0.8849955076370171,0.07352941176470588,0.8153259253462712,-0.29057368471322004
25%,4.784726619720459,0.015996694564819336,0.8867924528301887,0.08571428571428573,0.8347356147980085,-0.28890642612744266
50%,4.888429164886475,0.016005277633666992,0.889487870619946,0.10218978102189781,0.8355065666041276,-0.2846671717907602
75%,4.983070611953735,0.016153812408447266,0.889487870619946,0.13986013986013984,0.8549143125440176,-0.27740936049248077
max,4.985565900802612,0.017281055450439453,0.8904847396768402,0.15277777777777776,0.8748689255810314,-0.2705937073323983
