,fit_time,score_time,test_accuracy,test_f1,test_roc_auc,test_neg_log_loss
count,5.0,5.0,5.0,5.0,5.0,5.0
mean,2.4859009265899656,0.011231374740600587,0.8882496882767876,0.11081427922776141,0.8430702689746912,-0.2824300700912604
std,0.08163398003276769,0.000439134675801053,0.00227897304579153,0.03427517401797494,0.02262664683071297,0.008345257318785168
min,2.3838582038879395,0.010722875595092773,0.8849955076370171,0.07352941176470588,0.8153259253462712,-0.29057368471322004
25%,2.4543628692626953,0.010943889617919922,0.8867924528301887,0.08571428571428573,0.8347356147980085,-0.28890642612744266
50%,2.4897377490997314,0.011115074157714844,0.889487870619946,0.10218978102189781,0.8355065666041276,-0.2846671717907602
75%,2.4923880100250244,0.011672019958496094,0.889487870619946,0.13986013986013984,0.8549143125440176,-0.27740936049248077
max,2.6091578006744385,0.011703014373779297,0.8904847396768402,0.15277777777777776,0.8748689255810314,-0.2705937073323983
