,fit_time,score_time,test_accuracy,test_f1,test_roc_auc,test_neg_log_loss
count,5.0,5.0,5.0,5.0,5.0,5.0
mean,0.010993862152099609,0.5384251117706299,0.9042395969939074,0.4168599640592413,0.8048078766534221,-1.154180031368798
std,0.0018830649892959941,0.010470678495819646,0.0074861213139452805,0.0718852133375424,0.024508790333826535,0.1623323449019824
min,0.007969379425048828,0.5290007591247559,0.8939802336028752,0.3444444444444445,0.7752054151342045,-1.4128902205582339
25%,0.010999441146850586,0.5300009250640869,0.9020664869721473,0.3815028901734104,0.7872510556500915,-1.1850050230936064
50%,0.011001110076904297,0.5390000343322754,0.903863432165319,0.384180790960452,0.8045386962986149,-1.1147405836848487
75%,0.011999130249023438,0.5390233993530273,0.9066427289048474,0.44680851063829785,0.8216893370856785,-1.077591481590672
max,0.013000249862670898,0.5551004409790039,0.9146451033243486,0.527363184079602,0.8353548790985209,-0.9806728479166279
