,fit_time,score_time,test_accuracy,test_f1,test_roc_auc,test_neg_log_loss
count,5.0,5.0,5.0,5.0,5.0,5.0
mean,0.25368704795837405,0.009849977493286134,0.8990302302961088,0.5004052817220974,0.8523936309295685,-0.28741749987159604
std,0.028279113443756793,0.0008255746960338184,0.004324624998364461,0.04634083077184673,0.013344936907903665,0.015934857731607067
min,0.22369909286499023,0.009074926376342773,0.8939802336028752,0.43269230769230765,0.8337858987401205,-0.3104826777217471
25%,0.23764514923095703,0.009289026260375977,0.8967684021543986,0.4834123222748815,0.8483093842566332,-0.29107386205985347
50%,0.24533295631408691,0.009498834609985352,0.8975741239892183,0.5128205128205129,0.8507394944831363,-0.289300216024402
75%,0.2651689052581787,0.010329961776733398,0.9020664869721473,0.5147679324894515,0.8595508255732061,-0.2784847755490843
max,0.2965891361236572,0.011057138442993164,0.9047619047619048,0.5583333333333332,0.8695825515947466,-0.2677459680028934
