,fit_time,score_time,test_accuracy,test_f1,test_roc_auc,test_neg_log_loss
count,5.0,5.0,5.0,5.0,5.0,5.0
mean,0.3181981086730957,0.01899576187133789,0.8990302302961088,0.5004052817220974,0.8523936309295685,-0.28741749989306636
std,0.03021702629651624,0.0021204649461727914,0.004324624998364461,0.04634083077184673,0.013344936907903665,0.01593485773614692
min,0.291001558303833,0.016993999481201172,0.8939802336028752,0.43269230769230765,0.8337858987401205,-0.3104826777242745
25%,0.29700136184692383,0.0169985294342041,0.8967684021543986,0.4834123222748815,0.8483093842566332,-0.2910738620639587
50%,0.3050065040588379,0.01899576187133789,0.8975741239892183,0.5128205128205129,0.8507394944831363,-0.28930021612669105
75%,0.3349735736846924,0.01999688148498535,0.9020664869721473,0.5147679324894515,0.8595508255732061,-0.27848477554839424
max,0.3630075454711914,0.021993637084960938,0.9047619047619048,0.5583333333333332,0.8695825515947466,-0.2677459680020131
