,fit_time,score_time,test_accuracy,test_f1,test_roc_auc,test_neg_log_loss
count,5.0,5.0,5.0,5.0,5.0,5.0
mean,0.7208432674407959,0.05837860107421875,0.9089111705791357,0.4222590344618743,0.8829212713459509,-0.29210981359240684
std,0.062016100170795466,0.002353610905514941,0.005028218774111622,0.044343731061757506,0.013405880910006497,0.07296726747701633
min,0.667508602142334,0.05534100532531738,0.903863432165319,0.38857142857142857,0.861025901870256,-0.40799380760277665
25%,0.6795294284820557,0.056595802307128906,0.9047619047619048,0.39080459770114945,0.8806948900539948,-0.3174286142321317
50%,0.681281328201294,0.05899524688720703,0.9093357271095153,0.411764705882353,0.8865991079114173,-0.26430503795323995
75%,0.7765204906463623,0.05996251106262207,0.9101527403414196,0.4228571428571428,0.890693402126329,-0.23888109603967964
max,0.7993764877319336,0.06099843978881836,0.9164420485175202,0.4972972972972973,0.895593054767757,-0.23194051213420638
