,fit_time,score_time,test_accuracy,test_f1,test_roc_auc,test_neg_log_loss
count,5.0,5.0,5.0,5.0,5.0,5.0
mean,13.400221490859986,0.8011913299560547,0.8819613479347229,0.4897458986013062,0.8200657582665414,-0.2828435428586843
std,1.0488647970847527,0.053549226263164704,0.0077288476422133845,0.047080990958439796,0.014988628335083335,0.008744907237894884
min,12.604512691497803,0.743126392364502,0.8733153638814016,0.41975308641975306,0.8050903826590501,-0.292421975164176
25%,12.761207580566406,0.7802233695983887,0.8742138364779874,0.46564885496183206,0.8100712105798575,-0.289411020739092
50%,13.067694902420044,0.7871541976928711,0.8850987432675045,0.5040650406504065,0.8162853721560472,-0.2849476014903319
75%,13.365472793579102,0.8081610202789307,0.8867924528301887,0.5294117647058824,0.825870568902105,-0.2738884637336509
max,15.202219486236572,0.887291669845581,0.8903863432165319,0.5298507462686567,0.8430112570356473,-0.2735486531661708
