,fit_time,score_time,test_accuracy,test_f1,test_roc_auc,test_neg_log_loss
count,5.0,5.0,5.0,5.0,5.0,5.0
mean,14.985193252563477,1.0175096035003661,0.8819613479347229,0.4897458986013062,0.8200657582665414,-0.2828435428586843
std,0.5251008505809034,0.1915246555394752,0.0077288476422133845,0.047080990958439796,0.014988628335083335,0.008744907237894884
min,14.521263122558594,0.7541303634643555,0.8733153638814016,0.41975308641975306,0.8050903826590501,-0.292421975164176
25%,14.585028886795044,0.9831247329711914,0.8742138364779874,0.46564885496183206,0.8100712105798575,-0.289411020739092
50%,14.990688800811768,0.995037317276001,0.8850987432675045,0.5040650406504065,0.8162853721560472,-0.2849476014903319
75%,14.990856885910034,1.0671851634979248,0.8867924528301887,0.5294117647058824,0.825870568902105,-0.2738884637336509
max,15.838128566741943,1.2880704402923584,0.8903863432165319,0.5298507462686567,0.8430112570356473,-0.2735486531661708
