,fit_time,score_time,test_accuracy,test_f1,test_roc_auc,test_neg_log_loss
count,5.0,5.0,5.0,5.0,5.0,5.0
mean,11.856040620803833,0.6312843799591065,0.8819613479347229,0.4897458986013062,0.8200657582665414,-0.2827884405007274
std,0.31697350783425177,0.011715103897412461,0.0077288476422133845,0.047080990958439796,0.014988628335083335,0.008675655049463571
min,11.498724222183228,0.6192429065704346,0.8733153638814016,0.41975308641975306,0.8050903826590501,-0.29200647403041674
25%,11.549989223480225,0.6205000877380371,0.8742138364779874,0.46564885496183206,0.8100712105798575,-0.2895736331102298
50%,11.96828579902649,0.6306729316711426,0.8850987432675045,0.5040650406504065,0.8162853721560472,-0.2849399816474751
75%,12.041937828063965,0.6404879093170166,0.8867924528301887,0.5294117647058824,0.825870568902105,-0.2742723341230855
max,12.221266031265259,0.6455180644989014,0.8903863432165319,0.5298507462686567,0.8430112570356473,-0.2731497795924297
