,fit_time,score_time,test_accuracy,test_f1,test_roc_auc,test_neg_log_loss
count,5.0,5.0,5.0,5.0,5.0,5.0
mean,0.0005935192108154297,0.0032160282135009766,0.6565680330588484,0.7926839726885906,0.5,-11.861994520363007
std,0.0005419879315908334,0.000453563446836068,0.0013960292012543504,0.0010177470530106799,0.0,0.04821825668425344
min,0.0,0.002997875213623047,0.6550387596899225,0.7915690866510539,0.5,-11.914814974102088
25%,0.0,0.003000497817993164,0.6550387596899225,0.7915690866510539,0.5,-11.914814974102086
50%,0.0009663105010986328,0.0030035972595214844,0.6575875486381323,0.7934272300469484,0.5,-11.826780884536955
75%,0.0009999275207519531,0.0030517578125,0.6575875486381323,0.7934272300469484,0.5,-11.826780884536953
max,0.0010013580322265625,0.0040264129638671875,0.6575875486381323,0.7934272300469484,0.5,-11.826780884536953
