,fit_time,score_time,test_accuracy,test_f1,test_roc_auc,test_neg_log_loss
count,5.0,5.0,5.0,5.0,5.0,5.0
mean,0.0017998218536376953,0.005001354217529297,0.6565680330588484,0.7926839726885906,0.5,-11.861994520363007
std,0.0008334602369199295,0.000707504781431484,0.0013960292012543504,0.0010177470530106799,0.0,0.04821825668425344
min,0.0009999275207519531,0.004002094268798828,0.6550387596899225,0.7915690866510539,0.5,-11.914814974102088
25%,0.0010018348693847656,0.0049915313720703125,0.6550387596899225,0.7915690866510539,0.5,-11.914814974102086
50%,0.0020012855529785156,0.005001068115234375,0.6575875486381323,0.7934272300469484,0.5,-11.826780884536955
75%,0.002004861831665039,0.0050089359283447266,0.6575875486381323,0.7934272300469484,0.5,-11.826780884536953
max,0.002991199493408203,0.006003141403198242,0.6575875486381323,0.7934272300469484,0.5,-11.826780884536953
