,fit_time,score_time,test_accuracy,test_f1,test_roc_auc,test_neg_log_loss
count,5.0,5.0,5.0,5.0,5.0,5.0
mean,0.0004023075103759766,0.0029918670654296873,0.6565680330588484,0.7926839726885906,0.5,-11.861994520363007
std,0.0005509003615375161,0.0006957493580894223,0.0013960292012543504,0.0010177470530106799,0.0,0.04821825668425344
min,0.0,0.0019969940185546875,0.6550387596899225,0.7915690866510539,0.5,-11.914814974102088
25%,0.0,0.002997875213623047,0.6550387596899225,0.7915690866510539,0.5,-11.914814974102086
50%,0.0,0.0029997825622558594,0.6575875486381323,0.7934272300469484,0.5,-11.826780884536955
75%,0.00099945068359375,0.003000020980834961,0.6575875486381323,0.7934272300469484,0.5,-11.826780884536953
max,0.0010120868682861328,0.003964662551879883,0.6575875486381323,0.7934272300469484,0.5,-11.826780884536953
