,fit_time,score_time,test_accuracy,test_f1,test_roc_auc,test_neg_log_loss
count,5.0,5.0,5.0,5.0,5.0,5.0
mean,0.0005989551544189453,0.0026011943817138674,0.6565680330588484,0.7926839726885906,0.5,-11.861994520363007
std,0.000546770723631733,0.0005457444344963488,0.0013960292012543504,0.0010177470530106799,0.0,0.04821825668425344
min,0.0,0.0020029544830322266,0.6550387596899225,0.7915690866510539,0.5,-11.914814974102088
25%,0.0,0.0020051002502441406,0.6550387596899225,0.7915690866510539,0.5,-11.914814974102086
50%,0.0009958744049072266,0.002961874008178711,0.6575875486381323,0.7934272300469484,0.5,-11.826780884536955
75%,0.0009992122650146484,0.0030014514923095703,0.6575875486381323,0.7934272300469484,0.5,-11.826780884536953
max,0.0009996891021728516,0.0030345916748046875,0.6575875486381323,0.7934272300469484,0.5,-11.826780884536953
