,fit_time,score_time,test_accuracy,test_f1,test_roc_auc,test_neg_log_loss
count,5.0,5.0,5.0,5.0,5.0,5.0
mean,0.00040354728698730467,0.002093982696533203,0.6565680330588484,0.7926839726885906,0.5,-11.861994520363007
std,6.026418095147492e-05,0.0004726046052397729,0.0013960292012543504,0.0010177470530106799,0.0,0.04821825668425344
min,0.0003559589385986328,0.0018200874328613281,0.6550387596899225,0.7915690866510539,0.5,-11.914814974102088
25%,0.0003807544708251953,0.0018551349639892578,0.6550387596899225,0.7915690866510539,0.5,-11.914814974102086
50%,0.00038504600524902344,0.0018970966339111328,0.6575875486381323,0.7934272300469484,0.5,-11.826780884536955
75%,0.00038695335388183594,0.0019636154174804688,0.6575875486381323,0.7934272300469484,0.5,-11.826780884536953
max,0.0005090236663818359,0.002933979034423828,0.6575875486381323,0.7934272300469484,0.5,-11.826780884536953
