,fit_time,score_time,test_accuracy,test_f1,test_roc_auc,test_neg_log_loss
count,5.0,5.0,5.0,5.0,5.0,5.0
mean,0.0032002925872802734,0.09031896591186524,0.7001779627786325,0.7454703501901625,0.7373974771986872,-4.90017762343277
std,0.000837226946126412,0.022129192134553822,0.12512649338831303,0.14388844826306468,0.08362313845038412,2.1926133400110355
min,0.001998424530029297,0.07399892807006836,0.49612403100775193,0.5149253731343284,0.6276510870287879,-7.79552979514189
25%,0.003000974655151367,0.07559704780578613,0.6731517509727627,0.6956521739130435,0.6808431952662722,-6.078192538032696
50%,0.0030014514923095703,0.07599949836730957,0.7431906614785992,0.8242424242424242,0.7481508875739645,-4.391651728490988
75%,0.003999948501586914,0.10200309753417969,0.7751937984496124,0.828125,0.799115750282561,-4.310817116821787
max,0.004000663757324219,0.12399625778198242,0.8132295719844358,0.8644067796610169,0.8312264658418504,-1.9246969386764883
