,fit_time,score_time,test_accuracy,test_f1,test_roc_auc,test_neg_log_loss
count,5.0,5.0,5.0,5.0,5.0,5.0
mean,0.00279998779296875,0.0769996166229248,0.7001779627786325,0.7454703501901625,0.7373974771986872,-4.90017762343277
std,0.00044702151596570476,0.005700777752476653,0.12512649338831303,0.14388844826306468,0.08362313845038412,2.1926133400110355
min,0.0020003318786621094,0.06999921798706055,0.49612403100775193,0.5149253731343284,0.6276510870287879,-7.79552979514189
25%,0.0029990673065185547,0.07199954986572266,0.6731517509727627,0.6956521739130435,0.6808431952662722,-6.078192538032696
50%,0.003000020980834961,0.07900190353393555,0.7431906614785992,0.8242424242424242,0.7481508875739645,-4.391651728490988
75%,0.0030002593994140625,0.08099913597106934,0.7751937984496124,0.828125,0.799115750282561,-4.310817116821787
max,0.0030002593994140625,0.08299827575683594,0.8132295719844358,0.8644067796610169,0.8312264658418504,-1.9246969386764883
