,fit_time,score_time,test_accuracy,test_f1,test_roc_auc,test_neg_log_loss
count,5.0,5.0,5.0,5.0,5.0,5.0
mean,0.0012567996978759765,0.11616134643554688,0.7001779627786325,0.7454703501901625,0.7373974771986872,-4.90017762343277
std,9.424964170660272e-05,0.00985596662778277,0.12512649338831303,0.14388844826306468,0.08362313845038412,2.1926133400110355
min,0.00115203857421875,0.10701322555541992,0.49612403100775193,0.5149253731343284,0.6276510870287879,-7.79552979514189
25%,0.0011980533599853516,0.11034417152404785,0.6731517509727627,0.6956521739130435,0.6808431952662722,-6.078192538032696
50%,0.0012211799621582031,0.1117241382598877,0.7431906614785992,0.8242424242424242,0.7481508875739645,-4.391651728490988
75%,0.0013539791107177734,0.12024497985839844,0.7751937984496124,0.828125,0.799115750282561,-4.310817116821787
max,0.0013587474822998047,0.13148021697998047,0.8132295719844358,0.8644067796610169,0.8312264658418504,-1.9246969386764883
