,fit_time,score_time,test_accuracy,test_f1,test_roc_auc,test_neg_log_loss
count,5.0,5.0,5.0,5.0,5.0,5.0
mean,0.089801025390625,0.007997751235961914,0.6977830060627999,0.7596384055809384,0.7388477555288273,-0.8271180741427511
std,0.037709641332778834,0.000999868411776083,0.09667482635506242,0.09115688363545499,0.11712450997795046,0.29433329195659585
min,0.057001352310180664,0.006997346878051758,0.5775193798449613,0.6378737541528239,0.6159829798550628,-1.1189037050134014
25%,0.06200385093688965,0.006997585296630859,0.6186770428015564,0.6878980891719746,0.6718329747175901,-1.0520264570922602
50%,0.07200169563293457,0.007999420166015625,0.7198443579766537,0.8105263157894738,0.6801707907477138,-0.9222135826667489
75%,0.11400294303894043,0.008996725082397461,0.7713178294573644,0.8150470219435738,0.8413004454491059,-0.6067199396468068
max,0.1439952850341797,0.008997678756713867,0.8015564202334631,0.8468468468468467,0.8849515868746638,-0.43572668629453815
