,fit_time,score_time,test_accuracy,test_f1,test_roc_auc,test_neg_log_loss
count,5.0,5.0,5.0,5.0,5.0,5.0
mean,0.2251282215118408,0.034784698486328126,0.7265013724248182,0.7817580186147113,0.7290447776078718,-0.7245871287861467
std,0.00156102017417916,0.002787171460913889,0.1099302513317701,0.11036832335730978,0.11486372912616781,0.25853666853560847
min,0.22261619567871094,0.029892921447753906,0.6007751937984496,0.6578073089700995,0.6245293168370091,-1.1095790185611432
25%,0.22481393814086914,0.0352940559387207,0.6264591439688716,0.6666666666666666,0.6366265540854996,-0.8008538833170454
50%,0.2256631851196289,0.035678863525390625,0.7431906614785992,0.8366336633663367,0.6785570199031736,-0.7377600996919716
75%,0.22581195831298828,0.03650784492492676,0.8171206225680934,0.8653295128939829,0.8440263280366997,-0.5048821314424993
max,0.22673583030700684,0.03654980659484863,0.8449612403100775,0.8823529411764705,0.8614846691769769,-0.4698605109180741
