,fit_time,score_time,test_accuracy,test_f1,test_roc_auc,test_neg_log_loss
count,5.0,5.0,5.0,5.0,5.0,5.0
mean,0.7336726188659668,0.045379114151000974,0.7265013724248182,0.7817580186147113,0.7290447776078718,-0.7245871287861467
std,1.0790393828418505,0.005679825172075376,0.1099302513317701,0.11036832335730978,0.11486372912616781,0.25853666853560847
min,0.24162864685058594,0.04078030586242676,0.6007751937984496,0.6578073089700995,0.6245293168370091,-1.1095790185611432
25%,0.2516353130340576,0.04099893569946289,0.6264591439688716,0.6666666666666666,0.6366265540854996,-0.8008538833170454
50%,0.254086971282959,0.04325532913208008,0.7431906614785992,0.8366336633663367,0.6785570199031736,-0.7377600996919716
75%,0.2571232318878174,0.04757189750671387,0.8171206225680934,0.8653295128939829,0.8440263280366997,-0.5048821314424993
max,2.663888931274414,0.05428910255432129,0.8449612403100775,0.8823529411764705,0.8614846691769769,-0.4698605109180741
