,fit_time,score_time,test_accuracy,test_f1,test_roc_auc,test_neg_log_loss
count,5.0,5.0,5.0,5.0,5.0,5.0
mean,0.8997150421142578,0.059000062942504886,0.7265013724248182,0.7817580186147113,0.7290447776078718,-0.7245871287861467
std,1.3572149344747546,0.006557826979508645,0.1099302513317701,0.11036832335730978,0.11486372912616781,0.25853666853560847
min,0.28999972343444824,0.05399918556213379,0.6007751937984496,0.6578073089700995,0.6245293168370091,-1.1095790185611432
25%,0.2929999828338623,0.05500221252441406,0.6264591439688716,0.6666666666666666,0.6366265540854996,-0.8008538833170454
50%,0.2930006980895996,0.055997610092163086,0.7431906614785992,0.8366336633663367,0.6785570199031736,-0.7377600996919716
75%,0.2950019836425781,0.06000065803527832,0.8171206225680934,0.8653295128939829,0.8440263280366997,-0.5048821314424993
max,3.327572822570801,0.07000064849853516,0.8449612403100775,0.8823529411764705,0.8614846691769769,-0.4698605109180741
