,fit_time,score_time,test_accuracy,test_f1,test_roc_auc,test_neg_log_loss
count,5.0,5.0,5.0,5.0,5.0,5.0
mean,0.8009215831756592,0.049599313735961915,0.7265013724248182,0.7817580186147113,0.7290447776078718,-0.7245871287861467
std,1.1717427585171147,0.003910040297810092,0.1099302513317701,0.11036832335730978,0.11486372912616781,0.25853666853560847
min,0.24599862098693848,0.04599952697753906,0.6007751937984496,0.6578073089700995,0.6245293168370091,-1.1095790185611432
25%,0.2532925605773926,0.04600119590759277,0.6264591439688716,0.6666666666666666,0.6366265540854996,-0.8008538833170454
50%,0.29700374603271484,0.04900026321411133,0.7431906614785992,0.8366336633663367,0.6785570199031736,-0.7377600996919716
75%,0.31191396713256836,0.05199885368347168,0.8171206225680934,0.8653295128939829,0.8440263280366997,-0.5048821314424993
max,2.8963990211486816,0.05499672889709473,0.8449612403100775,0.8823529411764705,0.8614846691769769,-0.4698605109180741
