,fit_time,score_time,test_accuracy,test_f1,test_roc_auc,test_neg_log_loss
count,5.0,5.0,5.0,5.0,5.0,5.0
mean,1.168770694732666,0.06282448768615723,0.7265013724248182,0.7817580186147113,0.7290447776078718,-0.7245871287861467
std,1.9098533576071406,0.0050408775988050195,0.1099302513317701,0.11036832335730978,0.11486372912616781,0.25853666853560847
min,0.2982981204986572,0.05566549301147461,0.6007751937984496,0.6578073089700995,0.6245293168370091,-1.1095790185611432
25%,0.31569790840148926,0.059617042541503906,0.6264591439688716,0.6666666666666666,0.6366265540854996,-0.8008538833170454
50%,0.32041287422180176,0.06536746025085449,0.7431906614785992,0.8366336633663367,0.6785570199031736,-0.7377600996919716
75%,0.32427048683166504,0.06550478935241699,0.8171206225680934,0.8653295128939829,0.8440263280366997,-0.5048821314424993
max,4.585174083709717,0.06796765327453613,0.8449612403100775,0.8823529411764705,0.8614846691769769,-0.4698605109180741
