,fit_time,score_time,test_accuracy,test_f1,test_roc_auc,test_neg_log_loss
count,5.0,5.0,5.0,5.0,5.0,5.0
mean,0.7198716640472412,0.05819191932678223,0.6605013120984526,0.7255046123839072,0.6988114305746113,-0.7980569876768646
std,0.23135932432336137,0.011198193533860215,0.07406000573928916,0.06790636251596785,0.1084458621635628,0.2174001420822684
min,0.5559968948364258,0.044999122619628906,0.5697674418604651,0.6360655737704918,0.5672495179841766,-1.0480736152494914
25%,0.5680372714996338,0.05500054359436035,0.6108949416342413,0.6913580246913581,0.6315559440559442,-0.9517704666831328
50%,0.612250804901123,0.056963443756103516,0.6731517509727627,0.7197231833910034,0.6797673480365788,-0.8241846841310108
75%,0.754035234451294,0.058032989501953125,0.686046511627907,0.7692307692307694,0.7841233960507945,-0.6532836899363993
max,1.1090381145477295,0.07596349716186523,0.7626459143968871,0.8111455108359134,0.8313609467455622,-0.512972482384289
