,fit_time,score_time,test_accuracy,test_f1,test_roc_auc,test_neg_log_loss
count,5.0,5.0,5.0,5.0,5.0,5.0
mean,0.4940621852874756,0.05341606140136719,0.6605013120984526,0.7255046123839072,0.6988114305746113,-0.8136186343899133
std,0.02271573785542552,0.004071795650566259,0.07406000573928916,0.06790636251596785,0.1084458621635628,0.24438221330247967
min,0.46761083602905273,0.04860115051269531,0.5697674418604651,0.6360655737704918,0.5672495179841766,-1.1131830523338102
25%,0.4843311309814453,0.05240201950073242,0.6108949416342413,0.6913580246913581,0.6315559440559442,-0.9559556096608214
50%,0.4885098934173584,0.052896976470947266,0.6731517509727627,0.7197231833910034,0.6797673480365788,-0.852424475747112
75%,0.501366138458252,0.05329704284667969,0.686046511627907,0.7692307692307694,0.7841233960507945,-0.6502273250174802
max,0.5284929275512695,0.05988311767578125,0.7626459143968871,0.8111455108359134,0.8313609467455622,-0.4963027091903425
