,fit_time,score_time,test_accuracy,test_f1,test_roc_auc,test_neg_log_loss
count,5.0,5.0,5.0,5.0,5.0,5.0
mean,0.0004002094268798828,0.002593231201171875,0.8477585078534032,0.0,0.5,-5.25823485527886
std,0.0005480093854173067,0.0005295036285558403,0.0022668362013490285,0.0,0.0,0.07829374868228216
min,0.0,0.0019974708557128906,0.84375,0.0,0.5,-5.396683811704794
25%,0.0,0.0020294189453125,0.8481675392670157,0.0,0.5,-5.244107410745601
50%,0.0,0.0029668807983398438,0.8489583333333334,0.0,0.5,-5.216794351314635
75%,0.0010001659393310547,0.0029754638671875,0.8489583333333334,0.0,0.5,-5.216794351314635
max,0.0010008811950683594,0.0029969215393066406,0.8489583333333334,0.0,0.5,-5.216794351314634
