,fit_time,score_time,test_accuracy,test_f1,test_roc_auc,test_neg_log_loss
count,5.0,5.0,5.0,5.0,5.0,5.0
mean,0.26909704208374025,0.003289461135864258,0.8487838132635253,0.1271969696969697,0.7797155209413396,-0.36253653150146603
std,0.017381385665818642,9.805918780402402e-05,0.010745995577197534,0.06351810801585389,0.10085768456735866,0.04723980873987939
min,0.25152587890625,0.003195047378540039,0.8324607329842932,0.0625,0.6446502057613168,-0.42654331846828225
25%,0.25510501861572266,0.0032510757446289062,0.84375,0.06666666666666667,0.7349936143039592,-0.3898058797368917
50%,0.26387715339660645,0.003258943557739258,0.8541666666666666,0.125,0.7749100909667865,-0.3578783367446869
75%,0.2871859073638916,0.0032880306243896484,0.8541666666666666,0.18181818181818182,0.8308652422255131,-0.3317351471013918
max,0.28779125213623047,0.0034542083740234375,0.859375,0.2,0.913158451449122,-0.3067199754560774
