,fit_time,score_time,test_accuracy,test_f1,test_roc_auc,test_neg_log_loss
count,5.0,5.0,5.0,5.0,5.0,5.0
mean,0.002000284194946289,0.055199289321899415,0.74654777486911,0.31648391007550714,0.7019778942612311,-1.8255570326783404
std,0.0007078985157682726,0.007189346078553464,0.05440410505210195,0.09681135112950386,0.06745872875845396,1.2472511135908362
min,0.0009989738464355469,0.04899907112121582,0.6858638743455497,0.2028985507246377,0.6146604611804527,-3.8330374725105947
25%,0.002000093460083008,0.04999947547912598,0.7135416666666666,0.2325581395348837,0.6732599957689867,-1.8150530274736347
50%,0.002000570297241211,0.05199909210205078,0.7395833333333334,0.3283582089552239,0.687037037037037,-1.696885580278089
75%,0.002000570297241211,0.059003591537475586,0.765625,0.4,0.7456364410387399,-1.355417049483077
max,0.0030012130737304688,0.0659952163696289,0.828125,0.41860465116279066,0.7892955362809393,-0.4273920336463055
