,fit_time,score_time,test_accuracy,test_f1,test_roc_auc,test_neg_log_loss
count,5.0,5.0,5.0,5.0,5.0,5.0
mean,0.0018001556396484374,0.08130888938903809,0.74654777486911,0.31648391007550714,0.7019778942612311,-1.8255570326783404
std,0.0004477410015934448,0.07672893018788733,0.05440410505210195,0.09681135112950386,0.06745872875845396,1.2472511135908362
min,0.0009992122650146484,0.045999765396118164,0.6858638743455497,0.2028985507246377,0.6146604611804527,-3.8330374725105947
25%,0.002000093460083008,0.046000003814697266,0.7135416666666666,0.2325581395348837,0.6732599957689867,-1.8150530274736347
50%,0.0020003318786621094,0.04601454734802246,0.7395833333333334,0.3283582089552239,0.687037037037037,-1.696885580278089
75%,0.002000570297241211,0.049999237060546875,0.765625,0.4,0.7456364410387399,-1.355417049483077
max,0.002000570297241211,0.21853089332580566,0.828125,0.41860465116279066,0.7892955362809393,-0.4273920336463055
