,fit_time,score_time,test_accuracy,test_f1,test_roc_auc,test_neg_log_loss
count,5.0,5.0,5.0,5.0,5.0,5.0
mean,0.02221536636352539,0.00277099609375,0.8550229057591624,0.4785273790536948,0.848889559234622,-0.3349233786028929
std,0.0033064810887442606,6.1633300929996e-05,0.040093400207370615,0.15620595664305983,0.08193162963177204,0.10085123009533886
min,0.016705036163330078,0.0027158260345458984,0.8177083333333334,0.25,0.7508230452674897,-0.42187179456682444
25%,0.022487163543701172,0.002721071243286133,0.8219895287958116,0.3859649122807017,0.7950074042733235,-0.40487432681931534
50%,0.02291584014892578,0.0027730464935302734,0.84375,0.5526315789473684,0.840144742443593,-0.39016208720477213
75%,0.023365020751953125,0.002775907516479492,0.8802083333333334,0.5818181818181819,0.9033213454622382,-0.26544754077431704
max,0.025603771209716797,0.002869129180908203,0.9114583333333334,0.6222222222222222,0.955151258726465,-0.1922611436492355
