,fit_time,score_time,test_accuracy,test_f1,test_roc_auc,test_neg_log_loss
count,5.0,5.0,5.0,5.0,5.0,5.0
mean,0.4223483085632324,0.03199758529663086,0.8560809336823734,0.39095862152651384,0.7859251902867774,-0.37726648379826555
std,0.4531983357454329,0.0036039427794155327,0.02088612109570034,0.13570879670424574,0.08737056431619615,0.051015610996506096
min,0.21366024017333984,0.025641918182373047,0.837696335078534,0.25,0.6760101544319864,-0.41920432830213145
25%,0.2144019603729248,0.03269314765930176,0.84375,0.2926829268292683,0.7334362139917696,-0.4123725082040221
50%,0.21851515769958496,0.033400774002075195,0.8489583333333334,0.34146341463414637,0.7808335096255553,-0.3930841717330873
75%,0.23221993446350098,0.03397488594055176,0.859375,0.5333333333333333,0.8409961685823755,-0.36863333022727557
max,1.2329442501068115,0.03427720069885254,0.890625,0.5373134328358208,0.8983499048022001,-0.2930380805248114
