,fit_time,score_time,test_accuracy,test_f1,test_roc_auc,test_neg_log_loss
count,5.0,5.0,5.0,5.0,5.0,5.0
mean,0.8261444568634033,0.03931899070739746,0.8560809336823734,0.39095862152651384,0.7859251902867774,-0.37726648379826555
std,1.3059099321605718,0.001298344732408853,0.02088612109570034,0.13570879670424574,0.08737056431619615,0.051015610996506096
min,0.22960329055786133,0.037863969802856445,0.837696335078534,0.25,0.6760101544319864,-0.41920432830213145
25%,0.22990059852600098,0.03814244270324707,0.84375,0.2926829268292683,0.7334362139917696,-0.4123725082040221
50%,0.24605298042297363,0.039672136306762695,0.8489583333333334,0.34146341463414637,0.7808335096255553,-0.3930841717330873
75%,0.26306843757629395,0.0399477481842041,0.859375,0.5333333333333333,0.8409961685823755,-0.36863333022727557
max,3.1620969772338867,0.04096865653991699,0.890625,0.5373134328358208,0.8983499048022001,-0.2930380805248114
