,fit_time,score_time,test_accuracy,test_f1,test_roc_auc,test_neg_log_loss
count,5.0,5.0,5.0,5.0,5.0,5.0
mean,0.26642956733703616,0.038695907592773436,0.8560809336823734,0.39095862152651384,0.7859251902867774,-0.37726648379826555
std,0.02069534502642384,0.0019288909770336553,0.02088612109570034,0.13570879670424574,0.08737056431619615,0.051015610996506096
min,0.2454690933227539,0.03633427619934082,0.837696335078534,0.25,0.6760101544319864,-0.41920432830213145
25%,0.24637436866760254,0.03719902038574219,0.84375,0.2926829268292683,0.7334362139917696,-0.4123725082040221
50%,0.271573543548584,0.03895115852355957,0.8489583333333334,0.34146341463414637,0.7808335096255553,-0.3930841717330873
75%,0.2743208408355713,0.0399937629699707,0.859375,0.5333333333333333,0.8409961685823755,-0.36863333022727557
max,0.29440999031066895,0.041001319885253906,0.890625,0.5373134328358208,0.8983499048022001,-0.2930380805248114
