,fit_time,score_time,test_accuracy,test_f1,test_roc_auc,test_neg_log_loss
count,5.0,5.0,5.0,5.0,5.0,5.0
mean,0.23124279975891113,0.031194162368774415,0.82790684991274,0.4763774991687001,0.8294697042904738,-0.3595320355865527
std,0.036236681149933524,0.004318161634558948,0.04042477232352738,0.13980302268359257,0.06887265900371793,0.07425686660316598
min,0.19804024696350098,0.02600717544555664,0.7905759162303665,0.25531914893617025,0.7304526748971193,-0.4441328303404603
25%,0.20113444328308105,0.028982877731323242,0.7916666666666666,0.42857142857142855,0.7911994922784008,-0.4205020013780975
50%,0.2190234661102295,0.029999256134033203,0.8177083333333334,0.5423728813559322,0.8505747126436782,-0.36121616968536546
75%,0.2580137252807617,0.034000396728515625,0.859375,0.5454545454545454,0.8715887455045483,-0.2988826359461213
max,0.2800021171569824,0.03698110580444336,0.8802083333333334,0.6101694915254238,0.9035328961286228,-0.27292654058271903
