,fit_time,score_time,test_accuracy,test_f1,test_roc_auc,test_neg_log_loss
count,5.0,5.0,5.0,5.0,5.0,5.0
mean,0.25341248512268066,0.031793975830078126,0.82790684991274,0.4763774991687001,0.8294697042904738,-0.3595320355865527
std,0.0694883235581691,0.005796245895644613,0.04042477232352738,0.13980302268359257,0.06887265900371793,0.07425686660316598
min,0.19200873374938965,0.02599930763244629,0.7905759162303665,0.25531914893617025,0.7304526748971193,-0.4441328303404603
25%,0.2240123748779297,0.026998281478881836,0.7916666666666666,0.42857142857142855,0.7911994922784008,-0.4205020013780975
50%,0.22413110733032227,0.03099989891052246,0.8177083333333334,0.5423728813559322,0.8505747126436782,-0.36121616968536546
75%,0.25595688819885254,0.03499865531921387,0.859375,0.5454545454545454,0.8715887455045483,-0.2988826359461213
max,0.3709533214569092,0.03997373580932617,0.8802083333333334,0.6101694915254238,0.9035328961286228,-0.27292654058271903
