,fit_time,score_time,test_accuracy,test_f1,test_roc_auc,test_neg_log_loss
count,5.0,5.0,5.0,5.0,5.0,5.0
mean,0.2319960594177246,0.02966132164001465,0.82790684991274,0.4763774991687001,0.8294697042904738,-0.3636611825586741
std,0.01537971966835064,0.001898696614718311,0.04042477232352738,0.13980302268359257,0.06887265900371793,0.07685223607472258
min,0.21442413330078125,0.027446746826171875,0.7905759162303665,0.25531914893617025,0.7304526748971193,-0.4457111434548265
25%,0.22135305404663086,0.027801990509033203,0.7916666666666666,0.42857142857142855,0.7911994922784008,-0.4274906671957012
50%,0.22927498817443848,0.030551910400390625,0.8177083333333334,0.5423728813559322,0.8505747126436782,-0.37448436663112866
75%,0.24309515953063965,0.030937671661376953,0.859375,0.5454545454545454,0.8715887455045483,-0.2998643720504806
max,0.2518329620361328,0.031568288803100586,0.8802083333333334,0.6101694915254238,0.9035328961286228,-0.27075536346123347
