,fit_time,score_time,test_accuracy,test_f1,test_roc_auc,test_neg_log_loss
count,5.0,5.0,5.0,5.0,5.0,5.0
mean,0.00039987564086914064,0.0028065204620361327,0.8402977748691101,0.0,0.5,-5.515919443565498
std,0.0005475522977055782,0.00045087334909379,0.002404650189745075,0.0,0.0,0.08305367521158484
min,0.0,0.002000570297241211,0.8385416666666666,0.0,0.5,-5.576573272094954
25%,0.0,0.0029888153076171875,0.8385416666666666,0.0,0.5,-5.576573272094954
50%,0.0,0.0029993057250976562,0.8385416666666666,0.0,0.5,-5.576573272094954
75%,0.00099945068359375,0.0030083656311035156,0.8429319371727748,0.0,0.5,-5.424938700771312
max,0.0009999275207519531,0.0030355453491210938,0.8429319371727748,0.0,0.5,-5.424938700771312
