,fit_time,score_time,test_accuracy,test_f1,test_roc_auc,test_neg_log_loss
count,5.0,5.0,5.0,5.0,5.0,5.0
mean,0.0003308773040771484,0.001727914810180664,0.8402977748691101,0.0,0.5,-5.515919443565498
std,0.00011885798666068721,0.0003887600303577141,0.002404650189745075,0.0,0.0,0.08305367521158484
min,0.00026106834411621094,0.0015120506286621094,0.8385416666666666,0.0,0.5,-5.576573272094954
25%,0.000263214111328125,0.0015277862548828125,0.8385416666666666,0.0,0.5,-5.576573272094954
50%,0.00026702880859375,0.0015459060668945312,0.8385416666666666,0.0,0.5,-5.576573272094954
75%,0.0003249645233154297,0.0016357898712158203,0.8429319371727748,0.0,0.5,-5.424938700771312
max,0.0005381107330322266,0.002418041229248047,0.8429319371727748,0.0,0.5,-5.424938700771312
