,fit_time,score_time,test_accuracy,test_f1,test_roc_auc,test_neg_log_loss
count,5.0,5.0,5.0,5.0,5.0,5.0
mean,0.36020398139953613,0.004803371429443359,0.8497000436300175,0.17223665223665222,0.8390790088826554,-0.341041684943291
std,0.05771596612537319,0.0008302623194840684,0.007403089425398625,0.038568057101966764,0.028054981504727676,0.0120890714399291
min,0.3210031986236572,0.003998279571533203,0.8385416666666666,0.1142857142857143,0.7944099378881988,-0.3564172302746246
25%,0.32800865173339844,0.0040280818939208984,0.8489583333333334,0.1714285714285714,0.828391103987177,-0.348967714233509
50%,0.3289649486541748,0.004989147186279297,0.8489583333333334,0.1714285714285714,0.8541374474053296,-0.33999531833675006
75%,0.3640429973602295,0.005000114440917969,0.8534031413612565,0.18181818181818182,0.8591097308488612,-0.3341925873108289
max,0.4590001106262207,0.00600123405456543,0.8586387434554974,0.2222222222222222,0.8593468242837107,-0.3256355745607425
