,fit_time,score_time,test_accuracy,test_f1,test_roc_auc,test_neg_log_loss
count,5.0,5.0,5.0,5.0,5.0,5.0
mean,0.38322134017944337,0.005985927581787109,0.8497000436300175,0.17223665223665222,0.8390790088826554,-0.341041684943291
std,0.045682300818190816,0.0014228223483386928,0.007403089425398625,0.038568057101966764,0.028054981504727676,0.0120890714399291
min,0.34601736068725586,0.004946708679199219,0.8385416666666666,0.1142857142857143,0.7944099378881988,-0.3564172302746246
25%,0.3520169258117676,0.004991769790649414,0.8489583333333334,0.1714285714285714,0.828391103987177,-0.348967714233509
50%,0.3600277900695801,0.005002498626708984,0.8489583333333334,0.1714285714285714,0.8541374474053296,-0.33999531833675006
75%,0.4039599895477295,0.006988525390625,0.8534031413612565,0.18181818181818182,0.8591097308488612,-0.3341925873108289
max,0.4540846347808838,0.00800013542175293,0.8586387434554974,0.2222222222222222,0.8593468242837107,-0.3256355745607425
