,fit_time,score_time,test_accuracy,test_f1,test_roc_auc,test_neg_log_loss
count,5.0,5.0,5.0,5.0,5.0,5.0
mean,0.002000093460083008,0.05219912528991699,0.8549029232111692,0.5438567366121174,0.8317671809256663,-1.090232847967315
std,6.9510363278929e-07,0.006299521587608961,0.02008216038395984,0.05994757096881158,0.028533690056827,0.22041176850617555
min,0.0019989013671875,0.04699850082397461,0.8272251308900523,0.4489795918367347,0.7992753623188404,-1.3328855160876873
25%,0.002000093460083008,0.04800128936767578,0.84375,0.5217391304347826,0.8139651372470447,-1.2239525178160637
50%,0.0020003318786621094,0.04900050163269043,0.859375,0.5714285714285714,0.82799038268884,-1.1624189403489888
75%,0.002000570297241211,0.054998159408569336,0.8645833333333334,0.5806451612903226,0.8445201362452415,-0.9426053081844561
max,0.002000570297241211,0.061997175216674805,0.8795811518324608,0.5964912280701755,0.8730848861283644,-0.7893019573993798
