,fit_time,score_time,test_accuracy,test_f1,test_roc_auc,test_neg_log_loss
count,5.0,5.0,5.0,5.0,5.0,5.0
mean,0.020149850845336915,0.002693939208984375,0.8851494328097731,0.5832848303163073,0.9056461630935686,-0.2666013214745718
std,0.002907511622946269,4.472442772106475e-05,0.03400243586431411,0.12806358512072744,0.033354290012102626,0.03272285099549456
min,0.017594099044799805,0.002641916275024414,0.8324607329842932,0.36000000000000004,0.8476190476190477,-0.3205646863768283
25%,0.018215179443359375,0.0026679039001464844,0.8697916666666666,0.6031746031746031,0.9094369865758365,-0.266396626298187
50%,0.018892765045166016,0.002679109573364258,0.9010416666666666,0.6222222222222222,0.9188405797101449,-0.2648490038222146
75%,0.021373987197875977,0.002733945846557617,0.9109947643979057,0.653061224489796,0.9210579042276097,-0.24339567222518213
max,0.0246732234954834,0.0027468204498291016,0.9114583333333334,0.6779661016949152,0.9312762973352035,-0.23780061865044658
