,fit_time,score_time,test_accuracy,test_f1,test_roc_auc,test_neg_log_loss
count,5.0,5.0,5.0,5.0,5.0,5.0
mean,0.031603240966796876,0.006196832656860352,0.8851494328097731,0.5832848303163073,0.9056461630935686,-0.2666013214745511
std,0.015203370520692837,0.001779685162395217,0.03400243586431411,0.12806358512072744,0.033354290012102626,0.032722850995496267
min,0.0179898738861084,0.0049970149993896484,0.8324607329842932,0.36000000000000004,0.8476190476190477,-0.3205646863768276
25%,0.01999950408935547,0.00500035285949707,0.8697916666666666,0.6031746031746031,0.9094369865758365,-0.2663966262981728
50%,0.02399611473083496,0.0050127506256103516,0.9010416666666666,0.6222222222222222,0.9188405797101449,-0.2648490038221301
75%,0.04601335525512695,0.0069904327392578125,0.9109947643979057,0.653061224489796,0.9210579042276097,-0.24339567222518224
max,0.050017356872558594,0.008983612060546875,0.9114583333333334,0.6779661016949152,0.9312762973352035,-0.23780061865044275
