,fit_time,score_time,test_accuracy,test_f1,test_roc_auc,test_neg_log_loss
count,5.0,5.0,5.0,5.0,5.0,5.0
mean,0.022994279861450195,0.0051974296569824215,0.8851494328097731,0.5832848303163073,0.9056461630935686,-0.2666013214745511
std,0.003692224957796248,0.0008358308921619211,0.03400243586431411,0.12806358512072744,0.033354290012102626,0.032722850995496267
min,0.01695990562438965,0.003998756408691406,0.8324607329842932,0.36000000000000004,0.8476190476190477,-0.3205646863768276
25%,0.022001028060913086,0.0049970149993896484,0.8697916666666666,0.6031746031746031,0.9094369865758365,-0.2663966262981728
50%,0.02500176429748535,0.004997968673706055,0.9010416666666666,0.6222222222222222,0.9188405797101449,-0.2648490038221301
75%,0.025004863739013672,0.005995035171508789,0.9109947643979057,0.653061224489796,0.9210579042276097,-0.24339567222518224
max,0.02600383758544922,0.005998373031616211,0.9114583333333334,0.6779661016949152,0.9312762973352035,-0.23780061865044275
