,fit_time,score_time,test_accuracy,test_f1,test_roc_auc,test_neg_log_loss
count,5.0,5.0,5.0,5.0,5.0,5.0
mean,0.730544137954712,0.04277801513671875,0.8726548865619547,0.48898003828274544,0.8987444065985439,-0.27785422287031397
std,1.0773770176570177,0.002973296080922161,0.02230387118319072,0.09836562426689806,0.01898375827139287,0.02048671230786527
min,0.24277424812316895,0.03940296173095703,0.8489583333333334,0.33333333333333337,0.8803312629399587,-0.30375043213117975
25%,0.24403619766235352,0.04064536094665527,0.8534031413612565,0.45283018867924524,0.8890002003606492,-0.286807356658304
50%,0.25264954566955566,0.042302846908569336,0.8697916666666666,0.5283018867924528,0.8897014626327389,-0.2801753094562069
75%,0.25547051429748535,0.04496335983276367,0.8952879581151832,0.5652173913043478,0.9065317571628931,-0.2700356557084925
max,2.657790184020996,0.04657554626464844,0.8958333333333334,0.5652173913043479,0.9281573498964804,-0.24850236039738682
