,fit_time,score_time,test_accuracy,test_f1,test_roc_auc,test_neg_log_loss
count,5.0,5.0,5.0,5.0,5.0,5.0
mean,0.24924449920654296,0.036845064163208006,0.8726548865619547,0.48898003828274544,0.8987444065985439,-0.27785422287031397
std,0.02001945394326249,0.0012578958878469014,0.02230387118319072,0.09836562426689806,0.01898375827139287,0.02048671230786527
min,0.23349523544311523,0.03599858283996582,0.8489583333333334,0.33333333333333337,0.8803312629399587,-0.30375043213117975
25%,0.23885607719421387,0.03600120544433594,0.8534031413612565,0.45283018867924524,0.8890002003606492,-0.286807356658304
50%,0.24483609199523926,0.03625202178955078,0.8697916666666666,0.5283018867924528,0.8897014626327389,-0.2801753094562069
75%,0.2450087070465088,0.03700137138366699,0.8952879581151832,0.5652173913043478,0.9065317571628931,-0.2700356557084925
max,0.2840263843536377,0.03897213935852051,0.8958333333333334,0.5652173913043479,0.9281573498964804,-0.24850236039738682
