,fit_time,score_time,test_accuracy,test_f1,test_roc_auc,test_neg_log_loss
count,5.0,5.0,5.0,5.0,5.0,5.0
mean,0.21698131561279296,0.03165583610534668,0.8726548865619547,0.48898003828274544,0.8987444065985439,-0.27785422287031397
std,0.003875053261747386,0.0048437203800399,0.02230387118319072,0.09836562426689806,0.01898375827139287,0.02048671230786527
min,0.2134559154510498,0.023113012313842773,0.8489583333333334,0.33333333333333337,0.8803312629399587,-0.30375043213117975
25%,0.21364879608154297,0.03282904624938965,0.8534031413612565,0.45283018867924524,0.8890002003606492,-0.286807356658304
50%,0.2155599594116211,0.03316617012023926,0.8697916666666666,0.5283018867924528,0.8897014626327389,-0.2801753094562069
75%,0.22077703475952148,0.03443789482116699,0.8952879581151832,0.5652173913043478,0.9065317571628931,-0.2700356557084925
max,0.2214648723602295,0.03473305702209473,0.8958333333333334,0.5652173913043479,0.9281573498964804,-0.24850236039738682
