,fit_time,score_time,test_accuracy,test_f1,test_roc_auc,test_neg_log_loss
count,5.0,5.0,5.0,5.0,5.0,5.0
mean,0.2627713203430176,0.03230123519897461,0.8705497382198952,0.5861645508220852,0.8806131035864556,-0.2953403214494061
std,0.04598944565445828,0.0022857702181749134,0.02326493111024421,0.08033552598015604,0.037356971966632825,0.033436784212560355
min,0.2249605655670166,0.028999805450439453,0.8429319371727748,0.4444444444444445,0.8198757763975155,-0.3359478384368353
25%,0.22806072235107422,0.030991077423095703,0.8489583333333334,0.6027397260273972,0.8775796433580445,-0.3253860623225638
50%,0.23503422737121582,0.03300213813781738,0.8802083333333334,0.6153846153846153,0.8873973151673011,-0.2833123400446631
75%,0.30900096893310547,0.03398728370666504,0.8848167539267016,0.6333333333333333,0.8987577639751554,-0.27137666989996406
max,0.3168001174926758,0.03452587127685547,0.8958333333333334,0.634920634920635,0.9194550190342617,-0.2606786965430043
