,fit_time,score_time,test_accuracy,test_f1,test_roc_auc,test_neg_log_loss
count,5.0,5.0,5.0,5.0,5.0,5.0
mean,0.5790601253509522,0.04659605026245117,0.8705497382198952,0.5861645508220852,0.8806131035864556,-0.2953403214494061
std,0.10277957569276222,0.007982202915571498,0.02326493111024421,0.08033552598015604,0.037356971966632825,0.033436784212560355
min,0.46399950981140137,0.037999868392944336,0.8429319371727748,0.4444444444444445,0.8198757763975155,-0.3359478384368353
25%,0.5210020542144775,0.038002729415893555,0.8489583333333334,0.6027397260273972,0.8775796433580445,-0.3253860623225638
50%,0.5609984397888184,0.05000138282775879,0.8802083333333334,0.6153846153846153,0.8873973151673011,-0.2833123400446631
75%,0.6153051853179932,0.05297589302062988,0.8848167539267016,0.6333333333333333,0.8987577639751554,-0.27137666989996406
max,0.7339954376220703,0.0540003776550293,0.8958333333333334,0.634920634920635,0.9194550190342617,-0.2606786965430043
