,fit_time,score_time,test_accuracy,test_f1,test_roc_auc,test_neg_log_loss
count,5.0,5.0,5.0,5.0,5.0,5.0
mean,0.24201254844665526,0.03065004348754883,0.8705497382198952,0.5861645508220852,0.8806131035864556,-0.2968454412627138
std,0.005739928357450044,0.001474842555310932,0.02326493111024421,0.08033552598015604,0.037356971966632825,0.03361640821635779
min,0.23532581329345703,0.0293121337890625,0.8429319371727748,0.4444444444444445,0.8198757763975155,-0.33800184414180817
25%,0.23928403854370117,0.02958512306213379,0.8489583333333334,0.6027397260273972,0.8775796433580445,-0.3274271455745838
50%,0.24125003814697266,0.030483007431030273,0.8802083333333334,0.6153846153846153,0.8873973151673011,-0.2837313189967041
75%,0.2434098720550537,0.03082895278930664,0.8848167539267016,0.6333333333333333,0.8987577639751554,-0.2681641079243772
max,0.2507929801940918,0.03304100036621094,0.8958333333333334,0.634920634920635,0.9194550190342617,-0.2669027896760953
