{"Accuracy": 0.9736748257416112, "F1": 0.4586666666666667}