,fit_time,score_time,test_accuracy,test_f1,test_roc_auc,test_neg_log_loss
count,5.0,5.0,5.0,5.0,5.0,5.0
mean,0.0068951606750488285,0.013747072219848633,0.9653002290948122,0.0,0.5,-1.1984876282489165
std,0.00029950776379646836,0.001081876189981589,7.655847262839045e-05,0.0,0.0,0.0026442359672484298
min,0.0066297054290771484,0.013067007064819336,0.9652410241739379,0.0,0.5,-1.2005324937724648
25%,0.006639957427978516,0.013127326965332031,0.965245995423341,0.0,0.5,-1.20036079290093
50%,0.006791353225708008,0.013210773468017578,0.965245995423341,0.0,0.5,-1.20036079290093
75%,0.007113933563232422,0.013700246810913086,0.96538406522672,0.0,0.5,-1.1955920308351295
max,0.007300853729248047,0.015630006790161133,0.96538406522672,0.0,0.5,-1.1955920308351295
