,fit_time,score_time,test_accuracy,test_f1,test_roc_auc,test_neg_log_loss
count,5.0,5.0,5.0,5.0,5.0,5.0
mean,0.007414913177490235,0.013392496109008788,0.9653002290948122,0.0,0.5,-1.1984876282489165
std,0.0008839983590779906,0.0008668205333890534,7.655847262839045e-05,0.0,0.0,0.0026442359672484298
min,0.006989955902099609,0.012035131454467773,0.9652410241739379,0.0,0.5,-1.2005324937724648
25%,0.007007598876953125,0.013006448745727539,0.965245995423341,0.0,0.5,-1.20036079290093
50%,0.0070378780364990234,0.013957500457763672,0.965245995423341,0.0,0.5,-1.20036079290093
75%,0.007043361663818359,0.013966083526611328,0.96538406522672,0.0,0.5,-1.1955920308351295
max,0.008995771408081055,0.013997316360473633,0.96538406522672,0.0,0.5,-1.1955920308351295
