,fit_time,score_time,test_accuracy,test_f1,test_roc_auc,test_neg_log_loss
count,5.0,5.0,5.0,5.0,5.0,5.0
mean,39.05305542945862,0.1144956111907959,0.9669879948623057,0.11348588905412074,0.727882696623009,-0.12882512527612544
std,0.35655644603743675,0.004281125447771577,0.0005858353320663579,0.023831457373203555,0.016923757318011184,0.001739002745546296
min,38.55745840072632,0.10799932479858398,0.966242311543413,0.08527131782945736,0.7093127425653936,-0.13054848077310144
25%,38.94721269607544,0.11296463012695312,0.9668144757545416,0.10769230769230768,0.7110312638909468,-0.13040320590772814
50%,39.03764295578003,0.11538100242614746,0.9668192219679634,0.1076923076923077,0.7317343616256587,-0.12906079432939543
75%,39.186524391174316,0.11695313453674316,0.967243598912888,0.11583011583011583,0.7423108559902487,-0.12745976811602439
max,39.53643870353699,0.11917996406555176,0.9678203661327232,0.1509433962264151,0.7450242590427968,-0.12665337725437778
