,fit_time,score_time,test_accuracy,test_f1,test_roc_auc,test_neg_log_loss
count,5.0,5.0,5.0,5.0,5.0,5.0
mean,21.374634742736816,0.0635143756866455,0.9669879948623057,0.11348588905412074,0.727882696623009,-0.12882512527612544
std,0.37129030880414077,0.0017530143041167648,0.0005858353320663579,0.023831457373203555,0.016923757318011184,0.001739002745546296
min,20.794999837875366,0.06212615966796875,0.966242311543413,0.08527131782945736,0.7093127425653936,-0.13054848077310144
25%,21.248281002044678,0.06217503547668457,0.9668144757545416,0.10769230769230768,0.7110312638909468,-0.13040320590772814
50%,21.465219974517822,0.06250286102294922,0.9668192219679634,0.1076923076923077,0.7317343616256587,-0.12906079432939543
75%,21.651371002197266,0.06485581398010254,0.967243598912888,0.11583011583011583,0.7423108559902487,-0.12745976811602439
max,21.71330189704895,0.06591200828552246,0.9678203661327232,0.1509433962264151,0.7450242590427968,-0.12665337725437778
