,fit_time,score_time,test_accuracy,test_f1,test_roc_auc,test_neg_log_loss
count,5.0,5.0,5.0,5.0,5.0,5.0
mean,0.0719834327697754,2194.1898975849153,0.9713933196882426,0.46893075375950766,0.781232587586402,-0.5217149533153865
std,0.006815826324810705,1238.0472122731978,0.0018476486631763202,0.037684335096268846,0.029526071122982528,0.06910055553869347
min,0.0672760009765625,21.236915826797485,0.9692461736518381,0.42359249329758714,0.7361715050530901,-0.6241422182768073
25%,0.06756591796875,2391.071438074112,0.9701044199685309,0.4485488126649076,0.7693426268231964,-0.5583094185017672
50%,0.06972312927246094,2726.1132950782776,0.971105707338006,0.456989247311828,0.7924158250544052,-0.4927471618941513
75%,0.07158398628234863,2766.5436630249023,0.9728260869565217,0.5027027027027027,0.7956644980619162,-0.4803624118895041
max,0.08376812934875488,3065.9841759204865,0.9736842105263158,0.5128205128205128,0.8125684829394021,-0.4530135560147026
