,fit_time,score_time,test_accuracy,test_f1,test_roc_auc,test_neg_log_loss
count,5.0,5.0,5.0,5.0,5.0,5.0
mean,2.590890884399414,0.11140885353088378,0.9691048592387663,0.36446782899862773,0.7908060143112574,-0.12372787462661634
std,0.22602537659962663,0.01344180128747289,0.0007314842654776671,0.03625207740635736,0.008443078161661625,0.003637433006582234
min,2.388850450515747,0.09799861907958984,0.968244886282363,0.3148148148148148,0.7833333741515424,-0.12822660243274794
25%,2.4520699977874756,0.10704874992370605,0.9685309683879273,0.3413173652694611,0.7847368944156945,-0.12675336988231575
50%,2.4539995193481445,0.10800051689147949,0.9691031325990559,0.3793103448275862,0.7859984729509857,-0.12285599601871684
75%,2.754284620285034,0.10999822616577148,0.9696796338672768,0.38011695906432746,0.7992711500571251,-0.1209693670981234
max,2.905249834060669,0.13399815559387207,0.9699656750572082,0.4067796610169491,0.8006901799809392,-0.11983403770117773
