,fit_time,score_time,test_accuracy,test_f1,test_roc_auc,test_neg_log_loss
count,5.0,5.0,5.0,5.0,5.0,5.0
mean,1001.8782296180725,0.13895373344421386,0.9712216908827205,0.39427682474910186,0.8186152897866912,-0.21365422396497227
std,52.35689688301712,0.0019959593039130617,0.0018429795360015864,0.0449701037131538,0.01681829837686262,0.023063363942468922
min,915.0489439964294,0.13696599006652832,0.9696752968101845,0.3614457831325302,0.8025834815253902,-0.24433348222426812
25%,989.7777321338654,0.13836288452148438,0.9699613789157489,0.3674698795180723,0.8044613894436763,-0.22408988953953737
50%,1033.154095172882,0.13843703269958496,0.9706765841796595,0.3730886850152905,0.8131856693798529,-0.21168120114398623
75%,1033.202621936798,0.1386878490447998,0.9715389016018307,0.3987915407854985,0.8341467444956027,-0.20648524901776283
max,1038.2077548503876,0.14231491088867188,0.9742562929061785,0.47058823529411764,0.8386991640889337,-0.18168129789930668
