,fit_time,score_time,test_accuracy,test_f1,test_roc_auc,test_neg_log_loss
count,5.0,5.0,5.0,5.0,5.0,5.0
mean,9.114223194122314,0.20286784172058106,0.9712216908827205,0.39427682474910186,0.8186152897866912,-0.21365422396497227
std,1.6042554805166906,0.02876716084690507,0.0018429795360015864,0.0449701037131538,0.01681829837686262,0.023063363942468922
min,7.949733734130859,0.18200111389160156,0.9696752968101845,0.3614457831325302,0.8025834815253902,-0.24433348222426812
25%,8.271111965179443,0.1876518726348877,0.9699613789157489,0.3674698795180723,0.8044613894436763,-0.22408988953953737
50%,8.473341703414917,0.19541645050048828,0.9706765841796595,0.3730886850152905,0.8131856693798529,-0.21168120114398623
75%,8.970521450042725,0.1959981918334961,0.9715389016018307,0.3987915407854985,0.8341467444956027,-0.20648524901776283
max,11.906407117843628,0.25327157974243164,0.9742562929061785,0.47058823529411764,0.8386991640889337,-0.18168129789930668
