,fit_time,score_time,test_accuracy,test_f1,test_roc_auc,test_neg_log_loss
count,5.0,5.0,5.0,5.0,5.0,5.0
mean,614.7540832519531,21.63722743988037,0.9701632975643415,0.32913530320619827,0.7670874197978788,-0.12196239437125508
std,25.798409965394715,1.1887862289847235,0.0009429786903803088,0.03966899774696699,0.00598009223203087,0.002651872951291624
min,570.9683918952942,19.746012449264526,0.9692461736518381,0.29967426710097717,0.7604594319670391,-0.12459442570840519
25%,611.8431315422058,21.19944715499878,0.9695322557574024,0.3056478405315614,0.7638116574356286,-0.12457384342817515
50%,627.9328289031982,22.23091149330139,0.9701044199685309,0.3106796116504854,0.7643930788100295,-0.12119757564696132
75%,630.7490427494049,22.39000964164734,0.9702517162471396,0.3333333333333333,0.7724457883411473,-0.12109570926730902
max,632.2770211696625,22.61975646018982,0.9716819221967964,0.3963414634146341,0.7743271424355491,-0.11835041780542477
