,fit_time,score_time,test_accuracy,test_f1,test_roc_auc,test_neg_log_loss
count,5.0,5.0,5.0,5.0,5.0,5.0
mean,481.92676277160643,9.76794204711914,0.9701632975643415,0.32913530320619827,0.7670874197978788,-0.12205444430809353
std,6.852865132424334,0.12305189721798108,0.0009429786903803088,0.03966899774696699,0.00598009223203087,0.002419597833401525
min,472.95016503334045,9.567927122116089,0.9692461736518381,0.29967426710097717,0.7604594319670391,-0.12446273955532586
25%,479.9166741371155,9.759554147720337,0.9695322557574024,0.3056478405315614,0.7638116574356286,-0.12446184070502597
50%,480.1025638580322,9.783442735671997,0.9701044199685309,0.3106796116504854,0.7643930788100295,-0.12159579375049495
75%,485.34555292129517,9.835715055465698,0.9702517162471396,0.3333333333333333,0.7724457883411473,-0.1209055128679972
max,491.3188579082489,9.893071174621582,0.9716819221967964,0.3963414634146341,0.7743271424355491,-0.11884633466162367
