,fit_time,score_time,test_accuracy,test_f1,test_roc_auc,test_neg_log_loss
count,5.0,5.0,5.0,5.0,5.0,5.0
mean,0.0006000041961669922,0.002400493621826172,0.9164674634794157,0.0,0.5,-2.885111600584173
std,0.0005477264226575873,0.0005482716225524924,0.00018184679864049325,0.0,0.0,0.006280765916374503
min,0.0,0.0019998550415039062,0.9163346613545816,0.0,0.5,-2.889698423478584
25%,0.0,0.002000093460083008,0.9163346613545816,0.0,0.5,-2.8896984234785834
50%,0.0009996891021728516,0.0020003318786621094,0.9163346613545816,0.0,0.5,-2.8896984234785834
75%,0.0010001659393310547,0.002999544143676758,0.9166666666666666,0.0,0.5,-2.878231366242557
max,0.0010001659393310547,0.003002643585205078,0.9166666666666666,0.0,0.5,-2.878231366242557
