,fit_time,score_time,test_accuracy,test_f1,test_roc_auc,test_neg_log_loss
count,5.0,5.0,5.0,5.0,5.0,5.0
mean,0.0006000041961669922,0.006200838088989258,0.9164674634794157,0.0,0.5,-2.885111600584173
std,0.000547726552383418,0.007158044352344984,0.00018184679864049325,0.0,0.0,0.006280765916374503
min,0.0,0.002998828887939453,0.9163346613545816,0.0,0.5,-2.889698423478584
25%,0.0,0.0029993057250976562,0.9163346613545816,0.0,0.5,-2.8896984234785834
50%,0.00099945068359375,0.0029997825622558594,0.9163346613545816,0.0,0.5,-2.8896984234785834
75%,0.0009999275207519531,0.0030007362365722656,0.9166666666666666,0.0,0.5,-2.878231366242557
max,0.0010006427764892578,0.019005537033081055,0.9166666666666666,0.0,0.5,-2.878231366242557
