,fit_time,score_time,test_accuracy,test_f1,test_roc_auc,test_neg_log_loss
count,5.0,5.0,5.0,5.0,5.0,5.0
mean,0.0006024360656738282,0.0035898685455322266,0.9164674634794157,0.0,0.5,-2.885111600584173
std,0.0005502292596842097,0.0008957112024841729,0.00018184679864049325,0.0,0.0,0.006280765916374503
min,0.0,0.0029191970825195312,0.9163346613545816,0.0,0.5,-2.889698423478584
25%,0.0,0.0030014514923095703,0.9163346613545816,0.0,0.5,-2.8896984234785834
50%,0.000982522964477539,0.0030434131622314453,0.9163346613545816,0.0,0.5,-2.8896984234785834
75%,0.0009982585906982422,0.004000425338745117,0.9166666666666666,0.0,0.5,-2.878231366242557
max,0.0010313987731933594,0.004984855651855469,0.9166666666666666,0.0,0.5,-2.878231366242557
