,fit_time,score_time,test_accuracy,test_f1,test_roc_auc,test_neg_log_loss
count,5.0,5.0,5.0,5.0,5.0,5.0
mean,0.35462660789489747,0.0035870552062988283,0.9140801871877569,0.0,0.7814045512803276,-0.2547314876743071
std,0.016489371417154272,6.0194529794062326e-05,0.0022172500321967804,0.0,0.006336055651931822,0.0039740478445276116
min,0.33905577659606934,0.0035238265991210938,0.9123505976095617,0.0,0.7711811997526282,-0.25933829135833486
25%,0.34473514556884766,0.003557920455932617,0.9123505976095617,0.0,0.7802514945372088,-0.2586631763663024
50%,0.35024404525756836,0.0035750865936279297,0.9126984126984127,0.0,0.7826086956521738,-0.25303576624039575
75%,0.35765910148620605,0.0035941600799560547,0.9163346613545816,0.0,0.7856107660455487,-0.25162961798057043
max,0.3814389705657959,0.0036842823028564453,0.9166666666666666,0.0,0.7873706004140786,-0.250990586425932
