,fit_time,score_time,test_accuracy,test_f1,test_roc_auc,test_neg_log_loss
count,5.0,5.0,5.0,5.0,5.0,5.0
mean,0.95711350440979,0.007995414733886718,0.9140801871877569,0.0,0.7814045512803276,-0.2547314876743071
std,0.2772327748874309,0.0018676051887082888,0.0022172500321967804,0.0,0.006336055651931822,0.0039740478445276116
min,0.7614457607269287,0.005998373031616211,0.9123505976095617,0.0,0.7711811997526282,-0.25933829135833486
25%,0.8229110240936279,0.005998373031616211,0.9123505976095617,0.0,0.7802514945372088,-0.2586631763663024
50%,0.8728766441345215,0.008992433547973633,0.9126984126984127,0.0,0.7826086956521738,-0.25303576624039575
75%,0.8828330039978027,0.008998870849609375,0.9163346613545816,0.0,0.7856107660455487,-0.25162961798057043
max,1.4455010890960693,0.009989023208618164,0.9166666666666666,0.0,0.7873706004140786,-0.250990586425932
