,fit_time,score_time,test_accuracy,test_f1,test_roc_auc,test_neg_log_loss
count,5.0,5.0,5.0,5.0,5.0,5.0
mean,0.6008013725280762,0.005600404739379883,0.9140801871877569,0.0,0.7814045512803276,-0.2547314876743071
std,0.1305561373533232,0.0005479030496469678,0.0022172500321967804,0.0,0.006336055651931822,0.0039740478445276116
min,0.46796464920043945,0.004999637603759766,0.9123505976095617,0.0,0.7711811997526282,-0.25933829135833486
25%,0.5059971809387207,0.0050008296966552734,0.9123505976095617,0.0,0.7802514945372088,-0.2586631763663024
50%,0.5500011444091797,0.005993366241455078,0.9126984126984127,0.0,0.7826086956521738,-0.25303576624039575
75%,0.7300021648406982,0.0060002803802490234,0.9163346613545816,0.0,0.7856107660455487,-0.25162961798057043
max,0.7500417232513428,0.0060079097747802734,0.9166666666666666,0.0,0.7873706004140786,-0.250990586425932
