,fit_time,score_time,test_accuracy,test_f1,test_roc_auc,test_neg_log_loss
count,5.0,5.0,5.0,5.0,5.0,5.0
mean,0.5516269207000732,0.005309247970581054,0.9140801871877569,0.0,0.7814045512803276,-0.2547314876743071
std,0.18564446318527414,0.0008457802331087317,0.0022172500321967804,0.0,0.006336055651931822,0.0039740478445276116
min,0.44245433807373047,0.003990650177001953,0.9123505976095617,0.0,0.7711811997526282,-0.25933829135833486
25%,0.45697021484375,0.005000591278076172,0.9123505976095617,0.0,0.7802514945372088,-0.2586631763663024
50%,0.4606504440307617,0.005541086196899414,0.9126984126984127,0.0,0.7826086956521738,-0.25303576624039575
75%,0.5184128284454346,0.00600123405456543,0.9163346613545816,0.0,0.7856107660455487,-0.25162961798057043
max,0.8796467781066895,0.006012678146362305,0.9166666666666666,0.0,0.7873706004140786,-0.250990586425932
