,fit_time,score_time,test_accuracy,test_f1,test_roc_auc,test_neg_log_loss
count,5.0,5.0,5.0,5.0,5.0,5.0
mean,0.003199338912963867,0.07940077781677246,0.9140865110984633,0.0,0.5778052933953555,-1.7669801119689486
std,0.0004491686756125731,0.003209004973325459,0.003383041035219644,0.0,0.07376337529791382,0.6462597932880342
min,0.002992391586303711,0.07500147819519043,0.9087301587301587,0.0,0.4673913043478261,-2.9041798391844202
25%,0.0029993057250976562,0.07700204849243164,0.9126984126984127,0.0,0.5427746856318285,-1.6592430020490807
50%,0.003000020980834961,0.0809941291809082,0.9163346613545816,0.0,0.6020703933747411,-1.5150793961900197
75%,0.003002166748046875,0.0820009708404541,0.9163346613545816,0.0,0.623995052566481,-1.3814511832655336
max,0.004002809524536133,0.08200526237487793,0.9163346613545816,0.0,0.6527950310559005,-1.3749471391556884
