,fit_time,score_time,test_accuracy,test_f1,test_roc_auc,test_neg_log_loss
count,5.0,5.0,5.0,5.0,5.0,5.0
mean,0.004994058609008789,0.10700297355651855,0.9140865110984633,0.0,0.5778052933953555,-1.7669801119689486
std,0.001735647985124154,0.010766815616576957,0.003383041035219644,0.0,0.07376337529791382,0.6462597932880342
min,0.0039844512939453125,0.09300923347473145,0.9087301587301587,0.0,0.4673913043478261,-2.9041798391844202
25%,0.003993511199951172,0.10399866104125977,0.9126984126984127,0.0,0.5427746856318285,-1.6592430020490807
50%,0.003996849060058594,0.10400700569152832,0.9163346613545816,0.0,0.6020703933747411,-1.5150793961900197
75%,0.004995584487915039,0.1120004653930664,0.9163346613545816,0.0,0.623995052566481,-1.3814511832655336
max,0.007999897003173828,0.12199950218200684,0.9163346613545816,0.0,0.6527950310559005,-1.3749471391556884
