,fit_time,score_time,test_accuracy,test_f1,test_roc_auc,test_neg_log_loss
count,5.0,5.0,5.0,5.0,5.0,5.0
mean,0.002199697494506836,0.07064347267150879,0.9140865110984633,0.0,0.5778052933953555,-1.7669801119689486
std,0.00044752778530838134,0.011130766755289189,0.003383041035219644,0.0,0.07376337529791382,0.6462597932880342
min,0.0019991397857666016,0.06199836730957031,0.9087301587301587,0.0,0.4673913043478261,-2.9041798391844202
25%,0.0019996166229248047,0.06221795082092285,0.9126984126984127,0.0,0.5427746856318285,-1.6592430020490807
50%,0.0019996166229248047,0.06399917602539062,0.9163346613545816,0.0,0.6020703933747411,-1.5150793961900197
75%,0.0019998550415039062,0.07900071144104004,0.9163346613545816,0.0,0.623995052566481,-1.3814511832655336
max,0.0030002593994140625,0.08600115776062012,0.9163346613545816,0.0,0.6527950310559005,-1.3749471391556884
