,fit_time,score_time,test_accuracy,test_f1,test_roc_auc,test_neg_log_loss
count,5.0,5.0,5.0,5.0,5.0,5.0
mean,0.0017138957977294923,0.20686216354370118,0.9140865110984633,0.0,0.5778052933953555,-1.7669801119689486
std,0.0006416006229734442,0.0570447758999277,0.003383041035219644,0.0,0.07376337529791382,0.6462597932880342
min,0.0011098384857177734,0.1265089511871338,0.9087301587301587,0.0,0.4673913043478261,-2.9041798391844202
25%,0.0011227130889892578,0.17202305793762207,0.9126984126984127,0.0,0.5427746856318285,-1.6592430020490807
50%,0.0015769004821777344,0.22060799598693848,0.9163346613545816,0.0,0.6020703933747411,-1.5150793961900197
75%,0.00226593017578125,0.2551999092102051,0.9163346613545816,0.0,0.623995052566481,-1.3814511832655336
max,0.0024940967559814453,0.25997090339660645,0.9163346613545816,0.0,0.6527950310559005,-1.3749471391556884
