,fit_time,score_time,test_accuracy,test_f1,test_roc_auc,test_neg_log_loss
count,5.0,5.0,5.0,5.0,5.0,5.0
mean,0.05181994438171387,0.0061950206756591795,0.9188547397710745,0.2886111111111111,0.796257338244916,-0.2676486520903312
std,0.017262005246804966,0.0004510785131092038,0.00914522546471126,0.13816076145762504,0.0702102051980725,0.052074500859786176
min,0.03400278091430664,0.005984783172607422,0.9087301587301587,0.08333333333333333,0.7063146997929607,-0.3532497541807688
25%,0.04155921936035156,0.0059926509857177734,0.9123505976095617,0.22222222222222224,0.7668737060041407,-0.2655058890928823
50%,0.05100274085998535,0.005997180938720703,0.9163346613545816,0.34285714285714286,0.7857142857142856,-0.2631768313706596
75%,0.053019046783447266,0.0059986114501953125,0.9282868525896414,0.35714285714285715,0.8278705421562564,-0.24185652832933427
max,0.07951593399047852,0.0070018768310546875,0.9285714285714286,0.43749999999999994,0.8945134575569359,-0.21445425747801083
