,fit_time,score_time,test_accuracy,test_f1,test_roc_auc,test_neg_log_loss
count,5.0,5.0,5.0,5.0,5.0,5.0
mean,0.05060534477233887,0.006794643402099609,0.9188547397710745,0.2886111111111111,0.796257338244916,-0.2676486520903312
std,0.03728361352375387,0.002942544830333695,0.00914522546471126,0.13816076145762504,0.0702102051980725,0.052074500859786176
min,0.02700209617614746,0.00499725341796875,0.9087301587301587,0.08333333333333333,0.7063146997929607,-0.3532497541807688
25%,0.02800440788269043,0.0049974918365478516,0.9123505976095617,0.22222222222222224,0.7668737060041407,-0.2655058890928823
50%,0.03201866149902344,0.005998134613037109,0.9163346613545816,0.34285714285714286,0.7857142857142856,-0.2631768313706596
75%,0.05100107192993164,0.0059986114501953125,0.9282868525896414,0.35714285714285715,0.8278705421562564,-0.24185652832933427
max,0.11500048637390137,0.011981725692749023,0.9285714285714286,0.43749999999999994,0.8945134575569359,-0.21445425747801083
