,fit_time,score_time,test_accuracy,test_f1,test_roc_auc,test_neg_log_loss
count,5.0,5.0,5.0,5.0,5.0,5.0
mean,0.049288463592529294,0.0034419536590576173,0.9188547397710745,0.2886111111111111,0.7962780421786634,-0.2676486520903051
std,0.003430543491939496,0.0005459816070537471,0.00914522546471126,0.13816076145762504,0.07019938863894672,0.05207450085977366
min,0.04572582244873047,0.00315093994140625,0.9087301587301587,0.08333333333333333,0.7063146997929607,-0.35324975418076365
25%,0.04607725143432617,0.003161907196044922,0.9123505976095617,0.22222222222222224,0.7669772256728778,-0.2655058890926618
50%,0.04973101615905762,0.0031948089599609375,0.9163346613545816,0.34285714285714286,0.7857142857142856,-0.26317683137065107
75%,0.05106997489929199,0.00328826904296875,0.9282868525896414,0.35714285714285715,0.8278705421562564,-0.24185652832943783
max,0.053838253021240234,0.0044138431549072266,0.9285714285714286,0.43749999999999994,0.8945134575569359,-0.21445425747801092
