,fit_time,score_time,test_accuracy,test_f1,test_roc_auc,test_neg_log_loss
count,5.0,5.0,5.0,5.0,5.0,5.0
mean,0.03741307258605957,0.005787277221679687,0.9188547397710745,0.2886111111111111,0.796257338244916,-0.2676486520903312
std,0.01673970449433175,0.0011033214928336612,0.00914522546471126,0.13816076145762504,0.0702102051980725,0.052074500859786176
min,0.027002811431884766,0.004957914352416992,0.9087301587301587,0.08333333333333333,0.7063146997929607,-0.3532497541807688
25%,0.028038740158081055,0.0049896240234375,0.9123505976095617,0.22222222222222224,0.7668737060041407,-0.2655058890928823
50%,0.0320124626159668,0.00499725341796875,0.9163346613545816,0.34285714285714286,0.7857142857142856,-0.2631768313706596
75%,0.03300118446350098,0.006994962692260742,0.9282868525896414,0.35714285714285715,0.8278705421562564,-0.24185652832933427
max,0.06701016426086426,0.006996631622314453,0.9285714285714286,0.43749999999999994,0.8945134575569359,-0.21445425747801083
