,fit_time,score_time,test_accuracy,test_f1,test_roc_auc,test_neg_log_loss
count,5.0,5.0,5.0,5.0,5.0,5.0
mean,0.06932001113891602,0.007603263854980469,0.9188547397710745,0.2886111111111111,0.796257338244916,-0.2676486520903312
std,0.01094761927121079,0.001142050460599174,0.00914522546471126,0.13816076145762504,0.0702102051980725,0.052074500859786176
min,0.06100034713745117,0.00599980354309082,0.9087301587301587,0.08333333333333333,0.7063146997929607,-0.3532497541807688
25%,0.06154894828796387,0.006997108459472656,0.9123505976095617,0.22222222222222224,0.7668737060041407,-0.2655058890928823
50%,0.0650017261505127,0.008005142211914062,0.9163346613545816,0.34285714285714286,0.7857142857142856,-0.2631768313706596
75%,0.0716860294342041,0.008015632629394531,0.9282868525896414,0.35714285714285715,0.8278705421562564,-0.24185652832933427
max,0.08736300468444824,0.008998632431030273,0.9285714285714286,0.43749999999999994,0.8945134575569359,-0.21445425747801083
