,fit_time,score_time,test_accuracy,test_f1,test_roc_auc,test_neg_log_loss
count,5.0,5.0,5.0,5.0,5.0,5.0
mean,0.3032500743865967,0.04742698669433594,0.9140801871877569,0.03333333333333333,0.7351006964050442,-0.26287874640703174
std,0.038821642959811324,0.0032423453849759597,0.0022172500321967804,0.04564354645876384,0.06593960942687598,0.020592025603742264
min,0.2707669734954834,0.04256629943847656,0.9123505976095617,0.0,0.6891362605648319,-0.28007295848375563
25%,0.2727065086364746,0.046003103256225586,0.9123505976095617,0.0,0.706967635539064,-0.27557499139765784
50%,0.29224300384521484,0.048598289489746094,0.9126984126984127,0.0,0.7130434782608694,-0.2692728398034559
75%,0.31598973274230957,0.0489954948425293,0.9163346613545816,0.08333333333333333,0.7146997929606625,-0.26117000056657574
max,0.364544153213501,0.05097174644470215,0.9166666666666666,0.08333333333333333,0.851656314699793,-0.2283029417837134
