,fit_time,score_time,test_accuracy,test_f1,test_roc_auc,test_neg_log_loss
count,5.0,5.0,5.0,5.0,5.0,5.0
mean,0.27529277801513674,0.044240903854370114,0.9140801871877569,0.03333333333333333,0.73516253932403,-0.26287874640703174
std,0.02995790669295309,0.001752979598117323,0.0022172500321967804,0.04564354645876384,0.06588584655976852,0.020592025603742264
min,0.24130558967590332,0.042999267578125,0.9123505976095617,0.0,0.6894454751597608,-0.28007295848375563
25%,0.2546250820159912,0.0429995059967041,0.9123505976095617,0.0,0.706967635539064,-0.27557499139765784
50%,0.2710080146789551,0.0432133674621582,0.9126984126984127,0.0,0.7130434782608694,-0.2692728398034559
75%,0.2935304641723633,0.0449984073638916,0.9163346613545816,0.08333333333333333,0.7146997929606625,-0.26117000056657574
max,0.3159947395324707,0.04699397087097168,0.9166666666666666,0.08333333333333333,0.851656314699793,-0.2283029417837134
