,fit_time,score_time,test_accuracy,test_f1,test_roc_auc,test_neg_log_loss
count,5.0,5.0,5.0,5.0,5.0,5.0
mean,186.4865319252014,0.0382328987121582,0.9140801871877569,0.03333333333333333,0.73516253932403,-0.26287874640703174
std,414.80245493320825,0.007709271340789861,0.0022172500321967804,0.04564354645876384,0.06588584655976847,0.020592025603742264
min,0.31424784660339355,0.031373023986816406,0.9123505976095617,0.0,0.6894454751597608,-0.28007295848375563
25%,0.3233790397644043,0.03173017501831055,0.9123505976095617,0.0,0.706967635539064,-0.27557499139765784
50%,1.5214259624481201,0.037468910217285156,0.9126984126984127,0.0,0.7130434782608694,-0.2692728398034559
75%,1.7668488025665283,0.04039597511291504,0.9163346613545816,0.08333333333333333,0.7146997929606625,-0.26117000056657574
max,928.5067579746246,0.05019640922546387,0.9166666666666666,0.08333333333333333,0.8516563146997929,-0.2283029417837134
