,fit_time,score_time,test_accuracy,test_f1,test_roc_auc,test_neg_log_loss
count,5.0,5.0,5.0,5.0,5.0,5.0
mean,0.36881065368652344,0.07216324806213378,0.9140801871877569,0.03333333333333333,0.7351006964050442,-0.26287874640703174
std,0.023025448831429332,0.008845433170615953,0.0022172500321967804,0.04564354645876384,0.06593960942687592,0.020592025603742264
min,0.34599900245666504,0.06300234794616699,0.9123505976095617,0.0,0.6891362605648319,-0.28007295848375563
25%,0.3504462242126465,0.06600308418273926,0.9123505976095617,0.0,0.706967635539064,-0.27557499139765784
50%,0.36200737953186035,0.06989574432373047,0.9126984126984127,0.0,0.7130434782608694,-0.2692728398034559
75%,0.3870658874511719,0.07700300216674805,0.9163346613545816,0.08333333333333333,0.7146997929606625,-0.26117000056657574
max,0.39853477478027344,0.08491206169128418,0.9166666666666666,0.08333333333333333,0.8516563146997929,-0.2283029417837134
