,fit_time,score_time,test_accuracy,test_f1,test_roc_auc,test_neg_log_loss
count,5.0,5.0,5.0,5.0,5.0,5.0
mean,0.3670032024383545,0.04300227165222168,0.9029627521659395,0.3613032581453634,0.7782490387459331,-0.24572802573023336
std,0.030547033899714086,0.003167423264097225,0.015387341493018108,0.0995458798724557,0.06899399950001887,0.02544193143403846
min,0.32796192169189453,0.03799915313720703,0.876984126984127,0.22222222222222224,0.6922360248447205,-0.2839486479518095
25%,0.3489999771118164,0.04199957847595215,0.9043824701195219,0.3111111111111111,0.7565217391304346,-0.24652506183100004
50%,0.36603426933288574,0.04400753974914551,0.9047619047619048,0.36842105263157887,0.764069264069264,-0.24506947250758093
75%,0.3859992027282715,0.044963836669921875,0.9123505976095617,0.42857142857142855,0.7971552257266543,-0.2405408301379431
max,0.4060206413269043,0.046041250228881836,0.9163346613545816,0.47619047619047616,0.8812629399585922,-0.21255611622283313
