,fit_time,score_time,test_accuracy,test_f1,test_roc_auc,test_neg_log_loss
count,5.0,5.0,5.0,5.0,5.0,5.0
mean,0.0003322601318359375,0.0018369674682617188,0.9171978751660026,0.0,0.5,-2.8598840746649157
std,1.875461829062132e-05,0.00029644459333071636,0.0017505214244972185,0.0,0.0,0.060460868055209976
min,0.00031638145446777344,0.0016210079193115234,0.9163346613545816,0.0,0.5,-2.889698423478584
25%,0.0003211498260498047,0.0016429424285888672,0.9163346613545816,0.0,0.5,-2.8896984234785834
50%,0.00032782554626464844,0.0016489028930664062,0.9163346613545816,0.0,0.5,-2.8896984234785834
75%,0.000331878662109375,0.0019731521606445312,0.9166666666666666,0.0,0.5,-2.878231366242557
max,0.00036406517028808594,0.0022988319396972656,0.9203187250996016,0.0,0.5,-2.75209373664627
