,fit_time,score_time,test_accuracy,test_f1,test_roc_auc,test_neg_log_loss
count,5.0,5.0,5.0,5.0,5.0,5.0
mean,0.0005968093872070312,0.0033981800079345703,0.9171978751660026,0.0,0.5,-2.8598840746649157
std,0.0005449168479095216,0.0008931375253743678,0.0017505214244972185,0.0,0.0,0.060460868055209976
min,0.0,0.002005338668823242,0.9163346613545816,0.0,0.5,-2.889698423478584
25%,0.0,0.002988576889038086,0.9163346613545816,0.0,0.5,-2.8896984234785834
50%,0.0009796619415283203,0.003993034362792969,0.9163346613545816,0.0,0.5,-2.8896984234785834
75%,0.0009942054748535156,0.003999948501586914,0.9166666666666666,0.0,0.5,-2.878231366242557
max,0.0010101795196533203,0.004004001617431641,0.9203187250996016,0.0,0.5,-2.75209373664627
