,fit_time,score_time,test_accuracy,test_f1,test_roc_auc,test_neg_log_loss
count,5.0,5.0,5.0,5.0,5.0,5.0
mean,0.3702555656433105,0.0039026737213134766,0.9211851008663757,0.11783022774327123,0.7610644600396153,-0.24943116242475435
std,0.015897162320672783,0.0002149206293057144,0.00854996469453496,0.13443979007932896,0.05517800319303803,0.014144991087189704
min,0.3507208824157715,0.003738880157470703,0.9123505976095617,0.0,0.6652173913043479,-0.2731378884122401
25%,0.36250901222229004,0.0037393569946289062,0.9126984126984127,0.0,0.7737012987012987,-0.25010448129015656
50%,0.369204044342041,0.003773927688598633,0.9243027888446215,0.09523809523809523,0.774788703360132,-0.24573322688675964
75%,0.3752899169921875,0.004057168960571289,0.9243027888446215,0.17391304347826084,0.7850931677018633,-0.24136071627459224
max,0.3935539722442627,0.0042040348052978516,0.9322709163346613,0.32,0.8065217391304347,-0.2368194992600233
