,fit_time,score_time,test_accuracy,test_f1,test_roc_auc,test_neg_log_loss
count,5.0,5.0,5.0,5.0,5.0,5.0
mean,0.49150943756103516,0.005202150344848633,0.9211851008663757,0.11783022774327123,0.7610644600396153,-0.24943116242475435
std,0.06448677156953668,0.00044591791493303124,0.00854996469453496,0.13443979007932896,0.05517800319303803,0.014144991087189704
min,0.43599963188171387,0.004996776580810547,0.9123505976095617,0.0,0.6652173913043479,-0.2731378884122401
25%,0.4439973831176758,0.005002260208129883,0.9126984126984127,0.0,0.7737012987012987,-0.25010448129015656
50%,0.455991268157959,0.0050051212310791016,0.9243027888446215,0.09523809523809523,0.774788703360132,-0.24573322688675964
75%,0.5459938049316406,0.0050067901611328125,0.9243027888446215,0.17391304347826084,0.7850931677018633,-0.24136071627459224
max,0.5755650997161865,0.00599980354309082,0.9322709163346613,0.32,0.8065217391304347,-0.2368194992600233
