,fit_time,score_time,test_accuracy,test_f1,test_roc_auc,test_neg_log_loss
count,5.0,5.0,5.0,5.0,5.0,5.0
mean,0.46193976402282716,0.005403947830200195,0.9211851008663757,0.11783022774327123,0.7610644600396153,-0.24943116242475435
std,0.04308179179720234,0.0005413152838405648,0.00854996469453496,0.13443979007932896,0.05517800319303803,0.014144991087189704
min,0.4400005340576172,0.00500035285949707,0.9123505976095617,0.0,0.6652173913043479,-0.2731378884122401
25%,0.44099879264831543,0.005001068115234375,0.9126984126984127,0.0,0.7737012987012987,-0.25010448129015656
50%,0.44100093841552734,0.00502467155456543,0.9243027888446215,0.09523809523809523,0.774788703360132,-0.24573322688675964
75%,0.44896364212036133,0.0059926509857177734,0.9243027888446215,0.17391304347826084,0.7850931677018633,-0.24136071627459224
max,0.5387349128723145,0.006000995635986328,0.9322709163346613,0.32,0.8065217391304347,-0.2368194992600233
