,fit_time,score_time,test_accuracy,test_f1,test_roc_auc,test_neg_log_loss
count,5.0,5.0,5.0,5.0,5.0,5.0
mean,0.002400493621826172,0.06639952659606933,0.9156074116233478,0.03557312252964427,0.6417904869457665,-1.497654160733288
std,0.0005478361597304148,0.004504691139900245,0.003252820748225942,0.04873054547801562,0.06320142209297186,0.3940222392381017
min,0.001999378204345703,0.06300067901611328,0.9123505976095617,0.0,0.5791925465838509,-1.8503303783056242
25%,0.0019998550415039062,0.06399941444396973,0.9126984126984127,0.0,0.6023809523809524,-1.7743514070929611
50%,0.0020020008087158203,0.06399965286254883,0.9163346613545816,0.0,0.6314162028447743,-1.5138342682519763
75%,0.0030002593994140625,0.06699991226196289,0.9163346613545816,0.08695652173913045,0.6527950310559006,-1.5000240471322153
max,0.003000974655151367,0.07399797439575195,0.9203187250996016,0.0909090909090909,0.7431677018633541,-0.8497307028836623
