,fit_time,score_time,test_accuracy,test_f1,test_roc_auc,test_neg_log_loss
count,5.0,5.0,5.0,5.0,5.0,5.0
mean,0.002599954605102539,0.06439929008483887,0.9156074116233478,0.03557312252964427,0.6417904869457665,-1.497654160733288
std,0.0005475961987508045,0.003973160940813595,0.003252820748225942,0.04873054547801562,0.06320142209297186,0.3940222392381017
min,0.0019998550415039062,0.06099987030029297,0.9123505976095617,0.0,0.5791925465838509,-1.8503303783056242
25%,0.0020003318786621094,0.06199932098388672,0.9126984126984127,0.0,0.6023809523809524,-1.7743514070929611
50%,0.002998828887939453,0.06300163269042969,0.9163346613545816,0.0,0.6314162028447743,-1.5138342682519763
75%,0.0030002593994140625,0.06499981880187988,0.9163346613545816,0.08695652173913045,0.6527950310559006,-1.5000240471322153
max,0.003000497817993164,0.07099580764770508,0.9203187250996016,0.0909090909090909,0.7431677018633541,-0.8497307028836623
