,fit_time,score_time,test_accuracy,test_f1,test_roc_auc,test_neg_log_loss
count,5.0,5.0,5.0,5.0,5.0,5.0
mean,0.001263427734375,0.11818785667419433,0.9156074116233478,0.03557312252964427,0.6417904869457665,-1.497654160733288
std,0.0001515196871541161,0.012638142777501067,0.003252820748225942,0.04873054547801562,0.06320142209297186,0.3940222392381017
min,0.0011279582977294922,0.10328912734985352,0.9123505976095617,0.0,0.5791925465838509,-1.8503303783056242
25%,0.0011608600616455078,0.10837006568908691,0.9126984126984127,0.0,0.6023809523809524,-1.7743514070929611
50%,0.001196146011352539,0.11968302726745605,0.9163346613545816,0.0,0.6314162028447743,-1.5138342682519763
75%,0.0013391971588134766,0.12486505508422852,0.9163346613545816,0.08695652173913045,0.6527950310559006,-1.5000240471322153
max,0.0014929771423339844,0.13473200798034668,0.9203187250996016,0.0909090909090909,0.7431677018633541,-0.8497307028836623
