,fit_time,score_time,test_accuracy,test_f1,test_roc_auc,test_neg_log_loss
count,5.0,5.0,5.0,5.0,5.0,5.0
mean,0.04279475212097168,0.006397724151611328,0.9172105229874153,0.32893325083994457,0.7739588879029873,-0.2780111193090183
std,0.028462239988757767,0.0016737758501055209,0.012275594807548034,0.09701030047077289,0.06860035131522225,0.03984875927902722
min,0.02500176429748535,0.0049970149993896484,0.9007936507936508,0.20689655172413796,0.6888198757763975,-0.31401256506651454
25%,0.025963783264160156,0.004997730255126953,0.9083665338645418,0.28571428571428575,0.7256493506493507,-0.30044595801366697
50%,0.028001785278320312,0.005997419357299805,0.9203187250996016,0.3243243243243243,0.775776397515528,-0.2938964458303468
75%,0.043001413345336914,0.0069980621337890625,0.9282868525896414,0.35714285714285715,0.8228200371057515,-0.26858182884711085
max,0.09200501441955566,0.008998394012451172,0.9282868525896414,0.47058823529411764,0.8567287784679088,-0.21311879878745238
