,fit_time,score_time,test_accuracy,test_f1,test_roc_auc,test_neg_log_loss
count,5.0,5.0,5.0,5.0,5.0,5.0
mean,0.04133963584899902,0.003965044021606445,0.9172105229874153,0.32893325083994457,0.7739588879029873,-0.27801111930905387
std,0.0057018527465597215,0.00043796034800593536,0.012275594807548034,0.09701030047077289,0.06860035131522225,0.03984875927908295
min,0.03620195388793945,0.0033659934997558594,0.9007936507936508,0.20689655172413796,0.6888198757763975,-0.3140125650667624
25%,0.039589881896972656,0.0036711692810058594,0.9083665338645418,0.28571428571428575,0.7256493506493507,-0.3004459580136442
50%,0.03986406326293945,0.0041081905364990234,0.9203187250996016,0.3243243243243243,0.775776397515528,-0.29389644583033886
75%,0.03988909721374512,0.00423884391784668,0.9282868525896414,0.35714285714285715,0.8228200371057515,-0.2685818288470757
max,0.05115318298339844,0.004441022872924805,0.9282868525896414,0.47058823529411764,0.8567287784679088,-0.2131187987874483
