,fit_time,score_time,test_accuracy,test_f1,test_roc_auc,test_neg_log_loss
count,5.0,5.0,5.0,5.0,5.0,5.0
mean,0.266282844543457,0.04797811508178711,0.9132169733763359,0.16139194139194138,0.7537711184605594,-0.28134103737060623
std,0.020590483763592054,0.003565154462622595,0.007118881083195805,0.10285268140976961,0.033211907393288935,0.05464543396830654
min,0.2479076385498047,0.04366326332092285,0.9043824701195219,0.0,0.7140795712224284,-0.37846539853879985
25%,0.25000619888305664,0.04472804069519043,0.9083665338645418,0.14285714285714285,0.7304347826086955,-0.26606748283077575
50%,0.26680946350097656,0.0496983528137207,0.9126984126984127,0.16666666666666666,0.7544513457556936,-0.25949213788745606
75%,0.2673649787902832,0.05000019073486328,0.9203187250996016,0.23076923076923075,0.7717532467532467,-0.25187951617149096
max,0.29932594299316406,0.05180072784423828,0.9203187250996016,0.26666666666666666,0.7981366459627329,-0.2508006514245087
