,fit_time,score_time,test_accuracy,test_f1,test_roc_auc,test_neg_log_loss
count,5.0,5.0,5.0,5.0,5.0,5.0
mean,0.26131200790405273,0.04260640144348145,0.9132169733763359,0.16139194139194138,0.7537711184605593,-0.28134103737060623
std,0.03251771924114428,0.0017181764996329304,0.007118881083195805,0.10285268140976961,0.0332119073932889,0.05464543396830654
min,0.24062037467956543,0.041129112243652344,0.9043824701195219,0.0,0.7140795712224284,-0.37846539853879985
25%,0.24178004264831543,0.041365623474121094,0.9083665338645418,0.14285714285714285,0.7304347826086955,-0.26606748283077575
50%,0.2514986991882324,0.042182207107543945,0.9126984126984127,0.16666666666666666,0.7544513457556936,-0.25949213788745606
75%,0.25414490699768066,0.042958974838256836,0.9203187250996016,0.23076923076923075,0.7717532467532467,-0.25187951617149096
max,0.3185160160064697,0.04539608955383301,0.9203187250996016,0.26666666666666666,0.7981366459627328,-0.2508006514245087
