,fit_time,score_time,test_accuracy,test_f1,test_roc_auc,test_neg_log_loss
count,5.0,5.0,5.0,5.0,5.0,5.0
mean,0.36143178939819337,0.040793561935424806,0.9092360715866692,0.3464935827326914,0.7485600907029478,-0.24872979181669316
std,0.025882054335400008,0.002388606393555477,0.010306749848402744,0.09675478515849195,0.08107751049557997,0.02219198593948017
min,0.3360178470611572,0.037992238998413086,0.896414342629482,0.23529411764705882,0.6472049689440994,-0.27557557464608057
25%,0.33800816535949707,0.03898930549621582,0.9043824701195219,0.25,0.6923160173160173,-0.26063002034935123
50%,0.3660147190093994,0.041001081466674805,0.9087301587301587,0.3870967741935483,0.7480331262939958,-0.25591824316358597
75%,0.36799073219299316,0.041991472244262695,0.9123505976095617,0.42105263157894735,0.8142857142857143,-0.22645689465919164
max,0.3991274833679199,0.04399371147155762,0.9243027888446215,0.4390243902439024,0.8409606266749123,-0.22506822626525644
