,fit_time,score_time,test_accuracy,test_f1,test_roc_auc,test_neg_log_loss
count,5.0,5.0,5.0,5.0,5.0,5.0
mean,0.0005992889404296875,0.0026055335998535155,0.6656290531776913,0.7992523364485982,0.5,-11.549030727400103
std,0.0005470737203145283,0.0005404769766597167,0.0005800435739299044,0.0004179566313083769,0.0,0.020034459100620572
min,0.0,0.002000093460083008,0.6653696498054474,0.7990654205607477,0.5,-11.557990409888387
25%,0.0,0.0020270347595214844,0.6653696498054474,0.7990654205607477,0.5,-11.557990409888387
50%,0.0009982585906982422,0.0029985904693603516,0.6653696498054474,0.7990654205607477,0.5,-11.557990409888387
75%,0.0009984970092773438,0.003000020980834961,0.6653696498054474,0.7990654205607477,0.5,-11.557990409888387
max,0.0009996891021728516,0.0030019283294677734,0.6666666666666666,0.8,0.5,-11.51319199744696
