,fit_time,score_time,test_accuracy,test_f1,test_roc_auc,test_neg_log_loss
count,5.0,5.0,5.0,5.0,5.0,5.0
mean,0.00036454200744628906,0.0018039703369140624,0.6656290531776913,0.7992523364485982,0.5,-11.549030727400103
std,3.852913579694504e-05,0.0001619857831617501,0.0005800435739299044,0.0004179566313083769,0.0,0.020034459100620572
min,0.0003330707550048828,0.001683950424194336,0.6653696498054474,0.7990654205607477,0.5,-11.557990409888387
25%,0.00033783912658691406,0.0016856193542480469,0.6653696498054474,0.7990654205607477,0.5,-11.557990409888387
50%,0.0003402233123779297,0.0016980171203613281,0.6653696498054474,0.7990654205607477,0.5,-11.557990409888387
75%,0.0003948211669921875,0.0019211769104003906,0.6653696498054474,0.7990654205607477,0.5,-11.557990409888387
max,0.00041675567626953125,0.002031087875366211,0.6666666666666666,0.8,0.5,-11.51319199744696
