,fit_time,score_time,test_accuracy,test_f1,test_roc_auc,test_neg_log_loss
count,5.0,5.0,5.0,5.0,5.0,5.0
mean,0.38512892723083497,0.00382843017578125,0.8017434319669411,0.8654679819624181,0.8673109615123078,-0.46190044785346585
std,0.01291369322474283,5.886443184575837e-05,0.029935772911104754,0.018984734516070755,0.03351884550174773,0.024619735666543435
min,0.36810994148254395,0.0037817955017089844,0.7596899224806202,0.8385416666666666,0.815406976744186,-0.4969933543054459
25%,0.38211894035339355,0.0037841796875,0.7937743190661478,0.8616187989556136,0.8622331021351829,-0.4752965963659784
50%,0.3852827548980713,0.0037932395935058594,0.7976653696498055,0.8617021276595743,0.8675370597035224,-0.4570389252654853
75%,0.38582491874694824,0.0038750171661376953,0.8171206225680934,0.8759894459102903,0.8866449068407453,-0.4444594077279727
max,0.4043080806732178,0.003907918930053711,0.8404669260700389,0.889487870619946,0.9047327621379029,-0.43571395560244713
