,fit_time,score_time,test_accuracy,test_f1,test_roc_auc,test_neg_log_loss
count,5.0,5.0,5.0,5.0,5.0,5.0
mean,0.002599763870239258,0.07508387565612792,0.834395077368564,0.8778664546946657,0.8950955787702537,-1.0503412081624486
std,0.0005472042815144482,0.013035042968419773,0.02076435455090621,0.016212989493594017,0.025974074433799475,0.33069186636734993
min,0.0020003318786621094,0.06300163269042969,0.8023255813953488,0.8521739130434782,0.8502568956192538,-1.5203784754255205
25%,0.0020003318786621094,0.06551218032836914,0.8326848249027238,0.8760806916426512,0.899156806745546,-1.18930551225598
50%,0.0029985904693603516,0.07399797439575195,0.8365758754863813,0.8818443804034583,0.899938800489596,-1.0559813237739268
75%,0.002999544143676758,0.07690596580505371,0.8404669260700389,0.8826815642458101,0.9119407044743641,-0.8072789007423189
max,0.003000020980834961,0.09600162506103516,0.8599221789883269,0.8965517241379309,0.9141846865225078,-0.6787618286144972
