,fit_time,score_time,test_accuracy,test_f1,test_roc_auc,test_neg_log_loss
count,5.0,5.0,5.0,5.0,5.0,5.0
mean,0.09789571762084961,0.003954172134399414,0.8499622960214761,0.8892239536860836,0.9159533444662674,-0.3517161419071594
std,0.024478420678529286,0.0006212960590006307,0.038511128787047086,0.02874228157474382,0.028640073273278884,0.07334564183684215
min,0.07458686828613281,0.0032739639282226562,0.7984496124031008,0.8505747126436781,0.8657044348296377,-0.47949543334754563
25%,0.0838630199432373,0.003286123275756836,0.8326848249027238,0.8767908309455587,0.9191826465388276,-0.346221167418977
50%,0.09343314170837402,0.00432896614074707,0.8521400778210116,0.8914285714285715,0.9298925608595132,-0.31977023116126646
75%,0.09926772117614746,0.004338979721069336,0.8638132295719845,0.8985507246376812,0.9310485516115871,-0.31200292674696994
max,0.13832783699035645,0.004542827606201172,0.9027237354085603,0.9287749287749288,0.9339385284917721,-0.30109095086103765
