,fit_time,score_time,test_accuracy,test_f1,test_roc_auc,test_neg_log_loss
count,5.0,5.0,5.0,5.0,5.0,5.0
mean,0.0964047908782959,0.0063952445983886715,0.8499622960214761,0.8892239536860836,0.9159533444662674,-0.35171268573556963
std,0.04284431072344203,0.0015112009212820243,0.038511128787047086,0.02874228157474382,0.028640073273278884,0.07333678959470483
min,0.05600619316101074,0.004997968673706055,0.7984496124031008,0.8505747126436781,0.8657044348296377,-0.47947567932014995
25%,0.061002492904663086,0.005994319915771484,0.8326848249027238,0.8767908309455587,0.9191826465388276,-0.3462211841060878
50%,0.08799910545349121,0.005998373031616211,0.8521400778210116,0.8914285714285715,0.9298925608595132,-0.3197729898741086
75%,0.11800026893615723,0.0060002803802490234,0.8638132295719845,0.8985507246376812,0.9310485516115871,-0.31200292404692803
max,0.15901589393615723,0.008985280990600586,0.9027237354085603,0.9287749287749288,0.9339385284917721,-0.30109065133057394
