,fit_time,score_time,test_accuracy,test_f1,test_roc_auc,test_neg_log_loss
count,5.0,5.0,5.0,5.0,5.0,5.0
mean,0.937082052230835,0.047963428497314456,0.8522848610985431,0.8924890171509862,0.9053410409926024,-0.4021205240267357
std,1.491470270800058,0.003015745506971892,0.026555298533274787,0.018935487136353905,0.0234977374689887,0.0937626650883925
min,0.25492286682128906,0.0440366268157959,0.813953488372093,0.8651685393258426,0.8636425094645754,-0.5428754044444628
25%,0.2680044174194336,0.04597210884094238,0.8443579766536965,0.8870056497175142,0.9113627090983272,-0.4541414168927306
50%,0.2774348258972168,0.04827570915222168,0.8560311284046692,0.8945868945868947,0.914796681626547,-0.35102270206662317
75%,0.2800009250640869,0.04999709129333496,0.8599221789883269,0.8983050847457625,0.9180266557867537,-0.33168864002130394
max,3.6050472259521484,0.051535606384277344,0.8871595330739299,0.9173789173789174,0.9188766489868081,-0.33087445670855803
