,fit_time,score_time,test_accuracy,test_f1,test_roc_auc,test_neg_log_loss
count,5.0,5.0,5.0,5.0,5.0,5.0
mean,0.7855256080627442,0.05141892433166504,0.8522848610985431,0.8924890171509862,0.9053410409926024,-0.4021205240267357
std,1.171349337824022,0.006102855036143043,0.026555298533274787,0.018935487136353905,0.0234977374689887,0.0937626650883925
min,0.25130701065063477,0.047072649002075195,0.813953488372093,0.8651685393258426,0.8636425094645754,-0.5428754044444628
25%,0.26430583000183105,0.047998905181884766,0.8443579766536965,0.8870056497175142,0.9113627090983272,-0.4541414168927306
50%,0.2651493549346924,0.049652814865112305,0.8560311284046692,0.8945868945868947,0.914796681626547,-0.35102270206662317
75%,0.2659945487976074,0.05027580261230469,0.8599221789883269,0.8983050847457625,0.9180266557867537,-0.33168864002130394
max,2.880871295928955,0.06209444999694824,0.8871595330739299,0.9173789173789174,0.9188766489868081,-0.33087445670855803
