,fit_time,score_time,test_accuracy,test_f1,test_roc_auc,test_neg_log_loss
count,5.0,5.0,5.0,5.0,5.0,5.0
mean,1.1091246128082275,0.08179960250854493,0.8390643380689531,0.8795015575312097,0.8910216601988115,-0.3918415087194248
std,0.3637470554965408,0.026422205032930732,0.03422332787014627,0.02551804972506106,0.020791538709593802,0.05035125841492991
min,0.6149988174438477,0.054000139236450195,0.8023255813953488,0.8513119533527695,0.8567130881557599,-0.474978366690338
25%,0.9760615825653076,0.06799793243408203,0.8287937743190662,0.8713450292397662,0.8906908744730041,-0.40009771088370105
50%,1.1269989013671875,0.07000494003295898,0.8287937743190662,0.8735632183908045,0.8929008567931457,-0.37675595205155626
75%,1.2120022773742676,0.09699606895446777,0.8404669260700389,0.880466472303207,0.9049707602339182,-0.3570121596184166
max,1.6155614852905273,0.11999893188476562,0.8949416342412452,0.9208211143695014,0.9098327213382293,-0.3503633543531125
