,fit_time,score_time,test_accuracy,test_f1,test_roc_auc,test_neg_log_loss
count,5.0,5.0,5.0,5.0,5.0,5.0
mean,0.6093174457550049,0.054595136642456056,0.8390643380689531,0.8795015575312097,0.8910216601988115,-0.3918415087194248
std,0.06047994999369187,0.0035648256356811507,0.03422332787014627,0.02551804972506106,0.020791538709593802,0.05035125841492991
min,0.5473678112030029,0.04999995231628418,0.8023255813953488,0.8513119533527695,0.8567130881557599,-0.474978366690338
25%,0.5690219402313232,0.05399942398071289,0.8287937743190662,0.8713450292397662,0.8906908744730041,-0.40009771088370105
50%,0.5821044445037842,0.05400967597961426,0.8287937743190662,0.8735632183908045,0.8929008567931457,-0.37675595205155626
75%,0.6690685749053955,0.05499982833862305,0.8404669260700389,0.880466472303207,0.9049707602339182,-0.3570121596184166
max,0.6790244579315186,0.0599668025970459,0.8949416342412452,0.9208211143695014,0.9098327213382293,-0.3503633543531125
