,fit_time,score_time,test_accuracy,test_f1,test_roc_auc,test_neg_log_loss
count,5.0,5.0,5.0,5.0,5.0,5.0
mean,0.5317827224731445,0.05568056106567383,0.8390643380689531,0.8795015575312097,0.8910216601988115,-0.3936552662259336
std,0.027071005042033035,0.002869194690786351,0.03422332787014627,0.02551804972506106,0.020791538709593802,0.050186435595909074
min,0.48511791229248047,0.05103945732116699,0.8023255813953488,0.8513119533527695,0.8567130881557599,-0.4780296677401068
25%,0.5364739894866943,0.055297136306762695,0.8287937743190662,0.8713450292397662,0.8906908744730041,-0.3990294087624118
50%,0.5390739440917969,0.05652904510498047,0.8287937743190662,0.8735632183908045,0.8929008567931457,-0.37609104418519074
75%,0.5429129600524902,0.05681920051574707,0.8404669260700389,0.880466472303207,0.9049707602339182,-0.3601128272156699
max,0.5553348064422607,0.058717966079711914,0.8949416342412452,0.9208211143695014,0.9098327213382293,-0.3550133832262887
