,fit_time,score_time,test_accuracy,test_f1,test_roc_auc,test_neg_log_loss
count,5.0,5.0,5.0,5.0,5.0,5.0
mean,0.0006023883819580078,0.004046869277954101,0.9658263305322128,0.9826160059944806,0.5,-1.1803440535197731
std,0.0005499215516016351,0.0007931244507335922,0.0007671184278783812,0.00039706723896359915,0.0,0.026495945234830575
min,0.0,0.0030012130737304688,0.9649859943977591,0.9821810406272273,0.5,-1.2093689072948497
25%,0.0,0.003972768783569336,0.9649859943977591,0.9821810406272273,0.5,-1.2093689072948497
50%,0.0009987354278564453,0.003996372222900391,0.9663865546218487,0.9829059829059829,0.5,-1.1609941510030557
75%,0.0010020732879638672,0.004027843475341797,0.9663865546218487,0.9829059829059829,0.5,-1.1609941510030557
max,0.0010111331939697266,0.005236148834228516,0.9663865546218487,0.9829059829059829,0.5,-1.1609941510030555
