,fit_time,score_time,test_accuracy,test_f1,test_roc_auc,test_neg_log_loss
count,5.0,5.0,5.0,5.0,5.0,5.0
mean,0.001200389862060547,0.005519485473632813,0.9658263305322128,0.9826160059944806,0.5,-1.1803440535197731
std,0.0004465173714543351,0.0015005431485341468,0.0007671184278783812,0.00039706723896359915,0.0,0.026495945234830575
min,0.00099945068359375,0.003997325897216797,0.9649859943977591,0.9821810406272273,0.5,-1.2093689072948497
25%,0.0009996891021728516,0.004999637603759766,0.9649859943977591,0.9821810406272273,0.5,-1.2093689072948497
50%,0.0010004043579101562,0.0050013065338134766,0.9663865546218487,0.9829059829059829,0.5,-1.1609941510030557
75%,0.001003265380859375,0.005600929260253906,0.9663865546218487,0.9829059829059829,0.5,-1.1609941510030557
max,0.0019991397857666016,0.007998228073120117,0.9663865546218487,0.9829059829059829,0.5,-1.1609941510030555
