,fit_time,score_time,test_accuracy,test_f1,test_roc_auc,test_neg_log_loss
count,5.0,5.0,5.0,5.0,5.0,5.0
mean,0.0009839534759521484,0.004014205932617187,0.9658263305322128,0.9826160059944806,0.5,-1.1803440535197731
std,2.087354319630698e-05,0.001222518859442096,0.0007671184278783812,0.00039706723896359915,0.0,0.026495945234830575
min,0.0009591579437255859,0.0029985904693603516,0.9649859943977591,0.9821810406272273,0.5,-1.2093689072948497
25%,0.0009632110595703125,0.003033876419067383,0.9649859943977591,0.9821810406272273,0.5,-1.2093689072948497
50%,0.0009970664978027344,0.004000425338745117,0.9663865546218487,0.9829059829059829,0.5,-1.1609941510030557
75%,0.0009999275207519531,0.004027605056762695,0.9663865546218487,0.9829059829059829,0.5,-1.1609941510030557
max,0.0010004043579101562,0.006010532379150391,0.9663865546218487,0.9829059829059829,0.5,-1.1609941510030555
