,fit_time,score_time,test_accuracy,test_f1,test_roc_auc,test_neg_log_loss
count,5.0,5.0,5.0,5.0,5.0,5.0
mean,5.123803663253784,0.02001080513000488,0.9638655462184873,0.9815928915953908,0.7224462165990058,-0.14260340585392806
std,0.2618432084636701,0.004131074191692162,0.003487366834170501,0.0018072990006786605,0.11571907943090504,0.016319289311870256
min,4.912944316864014,0.015003204345703125,0.957983193277311,0.9785407725321889,0.5263888888888889,-0.1649407965169952
25%,4.980070114135742,0.016000747680664062,0.9635854341736695,0.9814550641940085,0.7361103047895501,-0.14964976319325823
50%,4.99561882019043,0.023000240325927734,0.9649859943977591,0.9821810406272273,0.7375036284470247,-0.1449544277302267
75%,5.170054197311401,0.02302265167236328,0.9663865546218487,0.9828815977175464,0.7872584541062801,-0.12868429293105413
max,5.560330867767334,0.02302718162536621,0.9663865546218487,0.9829059829059829,0.824969806763285,-0.12478774889810605
