,fit_time,score_time,test_accuracy,test_f1,test_roc_auc,test_neg_log_loss
count,5.0,5.0,5.0,5.0,5.0,5.0
mean,3.0544738292694094,0.012977361679077148,0.9638655462184873,0.9815928915953908,0.7224462165990058,-0.14260340585392806
std,0.30514978604519444,0.0034495301003510917,0.003487366834170501,0.0018072990006786605,0.11571907943090504,0.016319289311870256
min,2.7749874591827393,0.010998725891113281,0.957983193277311,0.9785407725321889,0.5263888888888889,-0.1649407965169952
25%,2.7848126888275146,0.0110321044921875,0.9635854341736695,0.9814550641940085,0.7361103047895501,-0.14964976319325823
50%,3.0721352100372314,0.011074066162109375,0.9649859943977591,0.9821810406272273,0.7375036284470247,-0.1449544277302267
75%,3.120110511779785,0.012784719467163086,0.9663865546218487,0.9828815977175464,0.7872584541062801,-0.12868429293105413
max,3.5203232765197754,0.0189971923828125,0.9663865546218487,0.9829059829059829,0.824969806763285,-0.12478774889810605
