,fit_time,score_time,test_accuracy,test_f1,test_roc_auc,test_neg_log_loss
count,5.0,5.0,5.0,5.0,5.0,5.0
mean,0.006199502944946289,0.22671656608581542,0.9607843137254901,0.9799131233000999,0.627474406301929,-0.8381013820979355
std,0.0008366137088975981,0.008842177521012903,0.008166599292500435,0.004257420459122244,0.11397778993485318,0.3528402893880285
min,0.004999637603759766,0.2130284309387207,0.9481792717086834,0.9733621310295177,0.5334541062801932,-1.327621397559903
25%,0.005999326705932617,0.22355103492736816,0.9593837535014006,0.9790310918293565,0.5516690856313498,-1.003841889513578
50%,0.005999565124511719,0.23000192642211914,0.9621848739495799,0.9807280513918629,0.557532656023222,-0.8528072819734206
75%,0.006999015808105469,0.23099994659423828,0.9635854341736695,0.9814550641940085,0.7041062801932367,-0.5589820706299792
max,0.006999969482421875,0.23600149154663086,0.9705882352941176,0.984989278055754,0.7906099033816425,-0.4472542708127968
