,fit_time,score_time,test_accuracy,test_f1,test_roc_auc,test_neg_log_loss
count,5.0,5.0,5.0,5.0,5.0,5.0
mean,0.007000112533569336,0.25603885650634767,0.9607843137254901,0.9799131233000999,0.627474406301929,-0.8381013820979355
std,0.0014155441178354683,0.026519766706174536,0.008166599292500435,0.004257420459122244,0.11397778993485318,0.3528402893880285
min,0.004998683929443359,0.2200155258178711,0.9481792717086834,0.9733621310295177,0.5334541062801932,-1.327621397559903
25%,0.0069997310638427734,0.24402618408203125,0.9593837535014006,0.9790310918293565,0.5516690856313498,-1.003841889513578
50%,0.0069997310638427734,0.2520167827606201,0.9621848739495799,0.9807280513918629,0.557532656023222,-0.8528072819734206
75%,0.006999969482421875,0.28200197219848633,0.9635854341736695,0.9814550641940085,0.7041062801932367,-0.5589820706299792
max,0.009002447128295898,0.2821338176727295,0.9705882352941176,0.984989278055754,0.7906099033816425,-0.4472542708127968
