,fit_time,score_time,test_accuracy,test_f1,test_roc_auc,test_neg_log_loss
count,5.0,5.0,5.0,5.0,5.0,5.0
mean,0.009005975723266602,0.33897032737731936,0.9607843137254901,0.9799131233000999,0.627474406301929,-0.8381013820979355
std,0.0020899525371018248,0.04448647030862772,0.008166599292500435,0.004257420459122244,0.11397778993485318,0.3528402893880285
min,0.006002902984619141,0.29799580574035645,0.9481792717086834,0.9733621310295177,0.5334541062801932,-1.327621397559903
25%,0.008510589599609375,0.3155195713043213,0.9593837535014006,0.9790310918293565,0.5516690856313498,-1.003841889513578
50%,0.008513212203979492,0.3328244686126709,0.9621848739495799,0.9807280513918629,0.557532656023222,-0.8528072819734206
75%,0.010999441146850586,0.33451032638549805,0.9635854341736695,0.9814550641940085,0.7041062801932367,-0.5589820706299792
max,0.011003732681274414,0.41400146484375,0.9705882352941176,0.984989278055754,0.7906099033816425,-0.4472542708127968
