,fit_time,score_time,test_accuracy,test_f1,test_roc_auc,test_neg_log_loss
count,5.0,5.0,5.0,5.0,5.0,5.0
mean,0.5395501136779786,0.05282769203186035,0.9633053221288514,0.9812836830014685,0.6835593452668924,-0.226235104634173
std,0.037796881176330226,0.0010050293570898646,0.005723478078908257,0.002962175613311155,0.15897917118731555,0.1097827143544988
min,0.4842796325683594,0.05121469497680664,0.9537815126050421,0.9763440860215054,0.5024963715529753,-0.3685106594087927
25%,0.5280992984771729,0.052959442138671875,0.9635854341736695,0.9814550641940085,0.5456823671497584,-0.2700188642805541
50%,0.5451958179473877,0.05296897888183594,0.9649859943977591,0.9821300929235168,0.6889114658925979,-0.26239346918639017
75%,0.552318811416626,0.052995920181274414,0.9649859943977591,0.9821810406272273,0.8330615942028986,-0.12021795630841452
max,0.5878570079803467,0.05399942398071289,0.969187675070028,0.9843081312410842,0.8476449275362319,-0.11003457398671374
