,fit_time,score_time,test_accuracy,test_f1,test_roc_auc,test_neg_log_loss
count,5.0,5.0,5.0,5.0,5.0,5.0
mean,0.5971464157104492,0.07419981956481933,0.9633053221288514,0.9812836830014685,0.6835593452668924,-0.226235104634173
std,0.077996193467035,0.005496586542246748,0.005723478078908257,0.002962175613311155,0.15897917118731555,0.1097827143544988
min,0.5220227241516113,0.06699967384338379,0.9537815126050421,0.9763440860215054,0.5024963715529753,-0.3685106594087927
25%,0.5318796634674072,0.06999874114990234,0.9635854341736695,0.9814550641940085,0.5456823671497584,-0.2700188642805541
50%,0.5716156959533691,0.07599544525146484,0.9649859943977591,0.9821300929235168,0.6889114658925979,-0.26239346918639017
75%,0.677501916885376,0.0780024528503418,0.9649859943977591,0.9821810406272273,0.8330615942028986,-0.12021795630841452
max,0.6827120780944824,0.0800027847290039,0.969187675070028,0.9843081312410842,0.8476449275362319,-0.11003457398671374
