,fit_time,score_time,test_accuracy,test_f1,test_roc_auc,test_neg_log_loss
count,5.0,5.0,5.0,5.0,5.0,5.0
mean,0.000824880599975586,0.002821683883666992,0.9655462184873949,0.9824710175387296,0.5,-1.190019004778132
std,4.8191938465679144e-05,0.00013174163720032993,0.0007671184278783812,0.0003970672389635991,0.0,0.026495945234830533
min,0.0007889270782470703,0.0026040077209472656,0.9649859943977591,0.9821810406272273,0.5,-1.2093689072948497
25%,0.0007910728454589844,0.0028297901153564453,0.9649859943977591,0.9821810406272273,0.5,-1.2093689072948497
50%,0.0007991790771484375,0.0028307437896728516,0.9649859943977591,0.9821810406272273,0.5,-1.2093689072948497
75%,0.0008440017700195312,0.002892017364501953,0.9663865546218487,0.9829059829059829,0.5,-1.1609941510030557
max,0.0009012222290039062,0.0029518604278564453,0.9663865546218487,0.9829059829059829,0.5,-1.1609941510030557
