,fit_time,score_time,test_accuracy,test_f1,test_roc_auc,test_neg_log_loss
count,5.0,5.0,5.0,5.0,5.0,5.0
mean,1.4121599197387695,0.007959651947021484,0.9661064425770307,0.9827414655504964,0.8076882357684244,-0.12536218418438677
std,0.03827777046613487,0.0004713862535119484,0.0015342368557567626,0.0007795483552871866,0.046884078822924294,0.005729417727679825
min,1.3610048294067383,0.0072290897369384766,0.9635854341736695,0.9814550641940085,0.7402612481857765,-0.1303634251120984
25%,1.390928030014038,0.0077362060546875,0.9663865546218487,0.9828571428571429,0.7779970972423803,-0.13032874631415237
50%,1.4206249713897705,0.008256912231445312,0.9663865546218487,0.9829059829059829,0.831988388969521,-0.1275566647179946
75%,1.4257028102874756,0.00826406478881836,0.9663865546218487,0.9829059829059829,0.8362620772946859,-0.12047465955942177
max,1.4625389575958252,0.008311986923217773,0.9677871148459384,0.9835831548893647,0.8519323671497585,-0.11808742521826666
