,fit_time,score_time,test_accuracy,test_f1,test_roc_auc,test_neg_log_loss
count,5.0,5.0,5.0,5.0,5.0,5.0
mean,0.0028038501739501955,0.5588147640228271,0.9635854341736694,0.9813290219116585,0.7321920763130771,-0.6099639747847034
std,0.000118274768885607,0.02662974560849624,0.0061049004811493815,0.0031543400709247,0.0504906505156971,0.14252789865196536
min,0.0027251243591308594,0.516016960144043,0.957983193277311,0.9784172661870503,0.6700725689404935,-0.830450735231368
25%,0.0027379989624023438,0.555211067199707,0.9593837535014006,0.9791516894320633,0.7066123188405798,-0.6339446178851148
50%,0.0027649402618408203,0.5645699501037598,0.9621848739495799,0.9806173725771716,0.7159071117561684,-0.6010426974247339
75%,0.002779245376586914,0.570990800857544,0.9649859943977591,0.982078853046595,0.7816835994194484,-0.5382709878097708
max,0.003011941909790039,0.587285041809082,0.9733893557422969,0.9863799283154122,0.7866847826086957,-0.4461108355725293
