,fit_time,score_time,test_accuracy,test_f1,test_roc_auc,test_neg_log_loss
count,5.0,5.0,5.0,5.0,5.0,5.0
mean,0.13365349769592286,0.006664943695068359,0.9683473389355741,0.9837716601135273,0.8407528694530335,-0.1244495350738311
std,0.014974210743391794,0.0010580222820787293,0.003652214232606513,0.0018679622859417602,0.031559509510243805,0.016388790307937728
min,0.11778616905212402,0.0059278011322021484,0.9635854341736695,0.9813486370157818,0.7856023222060958,-0.1521187311430335
25%,0.12007904052734375,0.005944967269897461,0.9663865546218487,0.9827833572453372,0.8445652173913045,-0.12561830770943747
50%,0.13299918174743652,0.006219148635864258,0.9677871148459384,0.9834413246940246,0.8539912917271408,-0.11863012274100339
75%,0.1467580795288086,0.006777763366699219,0.9719887955182073,0.985632183908046,0.8561393323657474,-0.11501713216286338
max,0.15064501762390137,0.008455038070678711,0.9719887955182073,0.9856527977044477,0.8634661835748791,-0.11086338161281768
