,fit_time,score_time,test_accuracy,test_f1,test_roc_auc,test_neg_log_loss
count,5.0,5.0,5.0,5.0,5.0,5.0
mean,0.33884458541870116,0.04352383613586426,0.9683473389355741,0.9838361895164978,0.8053468549953374,-0.2210209855333741
std,0.012560888493945856,0.0004731397149383672,0.0012526991470587013,0.0006449777575740721,0.030171521614941393,0.029541476528858607
min,0.32663488388061523,0.042938232421875,0.9663865546218487,0.9828326180257511,0.7823222060957911,-0.245129566078248
25%,0.32912683486938477,0.043348073959350586,0.9677871148459384,0.9835361488904796,0.7879535558780841,-0.24464699887786404
50%,0.33461594581604004,0.04337477684020996,0.969187675070028,0.9842632331902719,0.7880406386066765,-0.23411446672386227
75%,0.3482050895690918,0.04377293586730957,0.969187675070028,0.9842632331902719,0.8136775362318841,-0.2034505567334402
max,0.355640172958374,0.04418516159057617,0.969187675070028,0.9842857142857143,0.8547403381642512,-0.177763339253456
