,fit_time,score_time,test_accuracy,test_f1,test_roc_auc,test_neg_log_loss
count,5.0,5.0,5.0,5.0,5.0,5.0
mean,2.0029904365539553,0.1510313034057617,0.9565826330532212,0.9775334910393871,0.7956478898915322,-0.13695687726203282
std,0.07436901878891346,0.007061149833739514,0.0022144801541795294,0.0011302979389652592,0.0385293044064797,0.02460272662022696
min,1.8821032047271729,0.14134907722473145,0.9537815126050421,0.976173285198556,0.7313207547169811,-0.17655145102788186
25%,2.0026979446411133,0.14746689796447754,0.9551820728291317,0.9767441860465117,0.7982583454281568,-0.1389891258914477
50%,2.0162711143493652,0.15195584297180176,0.9565826330532213,0.977519941986947,0.8023550724637681,-0.1298721513347042
75%,2.029447078704834,0.15434479713439941,0.957983193277311,0.9782293178519593,0.8123076923076923,-0.12974924710399832
max,2.08443284034729,0.16003990173339844,0.9593837535014006,0.9790007241129616,0.8339975845410629,-0.10962241095213195
