,fit_time,score_time,test_accuracy,test_f1,test_roc_auc,test_neg_log_loss
count,5.0,5.0,5.0,5.0,5.0,5.0
mean,0.0008226394653320313,0.002620410919189453,0.9658263305322128,0.9826160059944806,0.5,-1.1803440535197731
std,6.983214655132754e-05,0.00018223044934139796,0.0007671184278783812,0.00039706723896359915,0.0,0.026495945234830575
min,0.0007507801055908203,0.002485036849975586,0.9649859943977591,0.9821810406272273,0.5,-1.2093689072948497
25%,0.0007712841033935547,0.0024869441986083984,0.9649859943977591,0.9821810406272273,0.5,-1.2093689072948497
50%,0.0008261203765869141,0.0025479793548583984,0.9663865546218487,0.9829059829059829,0.5,-1.1609941510030557
75%,0.0008349418640136719,0.002662181854248047,0.9663865546218487,0.9829059829059829,0.5,-1.1609941510030557
max,0.0009300708770751953,0.002919912338256836,0.9663865546218487,0.9829059829059829,0.5,-1.1609941510030555
