,fit_time,score_time,test_accuracy,test_f1,test_roc_auc,test_neg_log_loss
count,5.0,5.0,5.0,5.0,5.0,5.0
mean,1.3259216785430907,0.007218742370605468,0.9638655462184873,0.9815928915953908,0.7224462165990058,-0.14260340585392806
std,0.03684452958176258,0.00012927384268566607,0.003487366834170501,0.0018072990006786605,0.11571907943090504,0.016319289311870256
min,1.2756538391113281,0.00709986686706543,0.957983193277311,0.9785407725321889,0.5263888888888889,-0.1649407965169952
25%,1.3171162605285645,0.0071561336517333984,0.9635854341736695,0.9814550641940085,0.7361103047895501,-0.14964976319325823
50%,1.3216261863708496,0.007195711135864258,0.9649859943977591,0.9821810406272273,0.7375036284470247,-0.1449544277302267
75%,1.3376131057739258,0.0072040557861328125,0.9663865546218487,0.9828815977175464,0.7872584541062801,-0.12868429293105413
max,1.3775990009307861,0.007437944412231445,0.9663865546218487,0.9829059829059829,0.824969806763285,-0.12478774889810605
