,fit_time,score_time,test_accuracy,test_f1,test_roc_auc,test_neg_log_loss
count,5.0,5.0,5.0,5.0,5.0,5.0
mean,0.003012228012084961,0.5791475772857666,0.9607843137254901,0.9799131233000999,0.627474406301929,-0.8381013820979355
std,8.284872382568846e-05,0.06472019186139316,0.008166599292500435,0.004257420459122244,0.11397778993485318,0.3528402893880285
min,0.0029239654541015625,0.5286710262298584,0.9481792717086834,0.9733621310295177,0.5334541062801932,-1.327621397559903
25%,0.002941131591796875,0.5326399803161621,0.9593837535014006,0.9790310918293565,0.5516690856313498,-1.003841889513578
50%,0.0030100345611572266,0.5618138313293457,0.9621848739495799,0.9807280513918629,0.557532656023222,-0.8528072819734206
75%,0.0030651092529296875,0.5852711200714111,0.9635854341736695,0.9814550641940085,0.7041062801932367,-0.5589820706299792
max,0.003120899200439453,0.6873419284820557,0.9705882352941176,0.984989278055754,0.7906099033816425,-0.4472542708127968
