,fit_time,score_time,test_accuracy,test_f1,test_roc_auc,test_neg_log_loss
count,5.0,5.0,5.0,5.0,5.0,5.0
mean,0.16357741355895997,0.007421302795410156,0.9596638655462184,0.9793224952846519,0.7678672952469098,-0.1577148026874331
std,0.01245972308805549,0.0006361973489378966,0.007568210692496556,0.003962064003555845,0.098297788104935,0.03778774381480634
min,0.1426410675048828,0.006859779357910156,0.9509803921568627,0.9746560463432294,0.6351814223512336,-0.19553281741544384
25%,0.16174888610839844,0.006979703903198242,0.9523809523809523,0.9756097560975611,0.7116545893719807,-0.19016920792387235
50%,0.16908597946166992,0.00710296630859375,0.9621848739495799,0.9807005003573982,0.7700785024154589,-0.16442023832763608
75%,0.17201805114746094,0.007822990417480469,0.9649859943977591,0.9821810406272273,0.8461538461538461,-0.12972362891547848
max,0.1723930835723877,0.008341073989868164,0.9677871148459384,0.9834651329978432,0.8762681159420291,-0.10872812085473471
