,fit_time,score_time,test_accuracy,test_f1,test_roc_auc,test_neg_log_loss
count,5.0,5.0,5.0,5.0,5.0,5.0
mean,0.3686241149902344,0.04162530899047852,0.9633053221288514,0.9812836830014685,0.6835593452668924,-0.226235104634173
std,0.045550299999596096,0.003262051239004659,0.005723478078908257,0.002962175613311155,0.15897917118731555,0.1097827143544988
min,0.335299015045166,0.03788018226623535,0.9537815126050421,0.9763440860215054,0.5024963715529753,-0.3685106594087927
25%,0.33667778968811035,0.03825998306274414,0.9635854341736695,0.9814550641940085,0.5456823671497584,-0.2700188642805541
50%,0.3595268726348877,0.04372406005859375,0.9649859943977591,0.9821300929235168,0.6889114658925979,-0.26239346918639017
75%,0.3650648593902588,0.043778181076049805,0.9649859943977591,0.9821810406272273,0.8330615942028986,-0.12021795630841452
max,0.446552038192749,0.04448413848876953,0.969187675070028,0.9843081312410842,0.8476449275362319,-0.11003457398671374
