,fit_time,score_time,test_accuracy,test_f1,test_roc_auc,test_neg_log_loss
count,5.0,5.0,5.0,5.0,5.0,5.0
mean,2.069770097732544,0.15354633331298828,0.938375350140056,0.9678310556737081,0.7310122753693303,-0.15783135790572983
std,0.062314313910437714,0.0035601861329607274,0.02022343008150375,0.0109393766071741,0.08643679936789554,0.030965828306332717
min,1.964383840560913,0.15010309219360352,0.9159663865546218,0.9556213017751479,0.6235123367198838,-0.18563092484713303
25%,2.0687878131866455,0.15181803703308105,0.9173669467787114,0.9565857247976453,0.6664251207729469,-0.17677347481222025
50%,2.094709873199463,0.15204405784606934,0.9467787114845938,0.9723032069970845,0.7517210144927537,-0.17382045214001762
75%,2.0948679447174072,0.15450310707092285,0.9537815126050421,0.9761042722664736,0.7730043541364295,-0.1419689360311127
max,2.126101016998291,0.15926337242126465,0.957983193277311,0.9785407725321889,0.8403985507246378,-0.11096300169816553
