,fit_time,score_time,test_accuracy,test_f1,test_roc_auc,test_neg_log_loss
count,5.0,5.0,5.0,5.0,5.0,5.0
mean,0.000992155075073242,0.0042059898376464845,0.9655462184873949,0.9824710175387296,0.5,-1.190019004778132
std,1.606063716377948e-05,0.001096313795800876,0.0007671184278783812,0.0003970672389635991,0.0,0.026495945234830533
min,0.0009636878967285156,0.002997159957885742,0.9649859943977591,0.9821810406272273,0.5,-1.2093689072948497
25%,0.0009965896606445312,0.003983736038208008,0.9649859943977591,0.9821810406272273,0.5,-1.2093689072948497
50%,0.0009980201721191406,0.003999233245849609,0.9649859943977591,0.9821810406272273,0.5,-1.2093689072948497
75%,0.0010001659393310547,0.004046916961669922,0.9663865546218487,0.9829059829059829,0.5,-1.1609941510030557
max,0.0010023117065429688,0.006002902984619141,0.9663865546218487,0.9829059829059829,0.5,-1.1609941510030557
