,fit_time,score_time,test_accuracy,test_f1,test_roc_auc,test_neg_log_loss
count,5.0,5.0,5.0,5.0,5.0,5.0
mean,0.0010081291198730468,0.0037989139556884764,0.9655462184873949,0.9824710175387296,0.5,-1.190019004778132
std,1.7391977598422146e-05,0.0008358631070619289,0.0007671184278783812,0.0003970672389635991,0.0,0.026495945234830533
min,0.0009970664978027344,0.0029954910278320312,0.9649859943977591,0.9821810406272273,0.5,-1.2093689072948497
25%,0.00099945068359375,0.003002643585205078,0.9649859943977591,0.9821810406272273,0.5,-1.2093689072948497
50%,0.0010001659393310547,0.0039997100830078125,0.9649859943977591,0.9821810406272273,0.5,-1.2093689072948497
75%,0.0010051727294921875,0.004000186920166016,0.9663865546218487,0.9829059829059829,0.5,-1.1609941510030557
max,0.0010387897491455078,0.004996538162231445,0.9663865546218487,0.9829059829059829,0.5,-1.1609941510030557
