,fit_time,score_time,test_accuracy,test_f1,test_roc_auc,test_neg_log_loss
count,5.0,5.0,5.0,5.0,5.0,5.0
mean,2.747086000442505,0.011429643630981446,0.9661064425770307,0.9827414655504964,0.8076882357684244,-0.12536218418438677
std,0.09090750241449137,0.0005350969888948412,0.0015342368557567626,0.0007795483552871866,0.046884078822924294,0.005729417727679825
min,2.675157070159912,0.010990381240844727,0.9635854341736695,0.9814550641940085,0.7402612481857765,-0.1303634251120984
25%,2.6941421031951904,0.010998010635375977,0.9663865546218487,0.9828571428571429,0.7779970972423803,-0.13032874631415237
50%,2.6958656311035156,0.011135578155517578,0.9663865546218487,0.9829059829059829,0.831988388969521,-0.1275566647179946
75%,2.7761752605438232,0.011989593505859375,0.9663865546218487,0.9829059829059829,0.8362620772946859,-0.12047465955942177
max,2.894089937210083,0.01203465461730957,0.9677871148459384,0.9835831548893647,0.8519323671497585,-0.11808742521826666
