,fit_time,score_time,test_accuracy,test_f1,test_roc_auc,test_neg_log_loss
count,5.0,5.0,5.0,5.0,5.0,5.0
mean,0.006400442123413086,0.23801126480102539,0.9635854341736694,0.9813290219116585,0.7321920763130771,-0.6099639747847034
std,0.0015167168631878693,0.017125514941134536,0.0061049004811493815,0.0031543400709247,0.0504906505156971,0.14252789865196536
min,0.004000186920166016,0.2220008373260498,0.957983193277311,0.9784172661870503,0.6700725689404935,-0.830450735231368
25%,0.0060002803802490234,0.23005390167236328,0.9593837535014006,0.9791516894320633,0.7066123188405798,-0.6339446178851148
50%,0.0069997310638427734,0.2350003719329834,0.9621848739495799,0.9806173725771716,0.7159071117561684,-0.6010426974247339
75%,0.007001638412475586,0.23600077629089355,0.9649859943977591,0.982078853046595,0.7816835994194484,-0.5382709878097708
max,0.008000373840332031,0.2670004367828369,0.9733893557422969,0.9863799283154122,0.7866847826086957,-0.4461108355725293
