,fit_time,score_time,test_accuracy,test_f1,test_roc_auc,test_neg_log_loss
count,5.0,5.0,5.0,5.0,5.0,5.0
mean,0.1585080623626709,0.012998056411743165,0.9683473389355741,0.9837716601135273,0.8407528694530335,-0.1244495350747296
std,0.041160997104124464,0.0023436660101760886,0.003652214232606513,0.0018679622859417602,0.031559509510243805,0.016388790307019736
min,0.12600326538085938,0.010998249053955078,0.9635854341736695,0.9813486370157818,0.7856023222060958,-0.1521187311430406
25%,0.13000202178955078,0.010998964309692383,0.9663865546218487,0.9827833572453372,0.8445652173913045,-0.12561830770944007
50%,0.1309986114501953,0.01200103759765625,0.9677871148459384,0.9834413246940246,0.8539912917271408,-0.1186301227410647
75%,0.19197320938110352,0.014995098114013672,0.9719887955182073,0.985632183908046,0.8561393323657474,-0.11501713216287571
max,0.2135632038116455,0.015996932983398438,0.9719887955182073,0.9856527977044477,0.8634661835748791,-0.11086338161722695
