,fit_time,score_time,test_accuracy,test_f1,test_roc_auc,test_neg_log_loss
count,5.0,5.0,5.0,5.0,5.0,5.0
mean,0.5578976154327393,0.05017986297607422,0.9683473389355741,0.9838361895164978,0.8053468549953374,-0.2210209855333741
std,0.06843404984302338,0.0012422959767588858,0.0012526991470587013,0.0006449777575740721,0.030171521614941393,0.029541476528858607
min,0.4848623275756836,0.04907107353210449,0.9663865546218487,0.9828326180257511,0.7823222060957911,-0.245129566078248
25%,0.48871779441833496,0.04936933517456055,0.9677871148459384,0.9835361488904796,0.7879535558780841,-0.24464699887786404
50%,0.5822064876556396,0.04950976371765137,0.969187675070028,0.9842632331902719,0.7880406386066765,-0.23411446672386227
75%,0.5937097072601318,0.050981998443603516,0.969187675070028,0.9842632331902719,0.8136775362318841,-0.2034505567334402
max,0.6399917602539062,0.05196714401245117,0.969187675070028,0.9842857142857143,0.8547403381642512,-0.177763339253456
