,fit_time,score_time,test_accuracy,test_f1,test_roc_auc,test_neg_log_loss
count,5.0,5.0,5.0,5.0,5.0,5.0
mean,2.391676330566406,0.14398179054260254,0.9565826330532212,0.9775334910393871,0.7956478898915322,-0.13641907923747856
std,0.11245484614701429,0.007584564146280555,0.0022144801541795294,0.0011302979389652592,0.0385293044064797,0.02389184602623325
min,2.219614028930664,0.13399910926818848,0.9537815126050421,0.976173285198556,0.7313207547169811,-0.1746899062362007
25%,2.3691842555999756,0.1379561424255371,0.9551820728291317,0.9767441860465117,0.7982583454281568,-0.13872113700515679
50%,2.384218454360962,0.1469724178314209,0.9565826330532213,0.977519941986947,0.8023550724637681,-0.12978733244866075
75%,2.490138292312622,0.150007963180542,0.957983193277311,0.9782293178519593,0.8123076923076923,-0.12928072942737373
max,2.4952266216278076,0.15097332000732422,0.9593837535014006,0.9790007241129616,0.8339975845410629,-0.10961629107000084
