,fit_time,score_time,test_accuracy,test_f1,test_roc_auc,test_neg_log_loss
count,5.0,5.0,5.0,5.0,5.0,5.0
mean,0.0019973278045654296,0.00768589973449707,0.8880906408835679,0.0,0.5,-3.8652123310202064
std,0.0007046155179958787,0.0017371562898648798,0.0004571573940265097,0.0,0.0,0.01578965700956307
min,0.0009982585906982422,0.0060002803802490234,0.8876909254267745,0.0,0.5,-3.8790180138039867
25%,0.0019979476928710938,0.006411314010620117,0.8877917414721723,0.0,0.5,-3.8755359509549696
50%,0.0019989013671875,0.007004976272583008,0.8877917414721723,0.0,0.5,-3.8755359509549696
75%,0.0020003318786621094,0.009000301361083984,0.8885893980233602,0.0,0.5,-3.8479858696935536
max,0.002991199493408203,0.010012626647949219,0.8885893980233602,0.0,0.5,-3.8479858696935536
