,fit_time,score_time,test_accuracy,test_f1,test_roc_auc,test_neg_log_loss
count,5.0,5.0,5.0,5.0,5.0,5.0
mean,0.0011310100555419922,0.0033423900604248047,0.8880906408835679,0.0,0.5,-3.8652123310202064
std,2.9293193716238924e-05,0.00011171150800217788,0.0004571573940265097,0.0,0.0,0.01578965700956307
min,0.0011119842529296875,0.003283262252807617,0.8876909254267745,0.0,0.5,-3.8790180138039867
25%,0.001119375228881836,0.0032858848571777344,0.8877917414721723,0.0,0.5,-3.8755359509549696
50%,0.001119852066040039,0.003287792205810547,0.8877917414721723,0.0,0.5,-3.8755359509549696
75%,0.0011208057403564453,0.0033140182495117188,0.8885893980233602,0.0,0.5,-3.8479858696935536
max,0.0011830329895019531,0.0035409927368164062,0.8885893980233602,0.0,0.5,-3.8479858696935536
