,fit_time,score_time,test_accuracy,test_f1,test_roc_auc,test_neg_log_loss
count,5.0,5.0,5.0,5.0,5.0,5.0
mean,0.001802206039428711,0.00441431999206543,0.8880906408835679,0.0,0.5,-3.8652123310202064
std,0.0008413648428472081,0.0009000853654197972,0.0004571573940265097,0.0,0.0,0.01578965700956307
min,0.00099945068359375,0.004000425338745117,0.8876909254267745,0.0,0.5,-3.8790180138039867
25%,0.00099945068359375,0.00400090217590332,0.8877917414721723,0.0,0.5,-3.8755359509549696
50%,0.0019989013671875,0.004003286361694336,0.8877917414721723,0.0,0.5,-3.8755359509549696
75%,0.0020008087158203125,0.004042863845825195,0.8885893980233602,0.0,0.5,-3.8479858696935536
max,0.003012418746948242,0.00602412223815918,0.8885893980233602,0.0,0.5,-3.8479858696935536
