,fit_time,score_time,test_accuracy,test_f1,test_roc_auc,test_neg_log_loss
count,5.0,5.0,5.0,5.0,5.0,5.0
mean,0.0012062549591064452,0.003793001174926758,0.8880906408835679,0.0,0.5,-3.8652123310202064
std,0.00044584958305823646,0.00044578590770284017,0.0004571573940265097,0.0,0.0,0.01578965700956307
min,0.0009877681732177734,0.002996206283569336,0.8876909254267745,0.0,0.5,-3.8790180138039867
25%,0.001001119613647461,0.003961801528930664,0.8877917414721723,0.0,0.5,-3.8755359509549696
50%,0.0010035037994384766,0.003997802734375,0.8877917414721723,0.0,0.5,-3.8755359509549696
75%,0.0010356903076171875,0.004000425338745117,0.8885893980233602,0.0,0.5,-3.8479858696935536
max,0.002003192901611328,0.004008769989013672,0.8885893980233602,0.0,0.5,-3.8479858696935536
