,fit_time,score_time,test_accuracy,test_f1,test_roc_auc,test_neg_log_loss
count,5.0,5.0,5.0,5.0,5.0,5.0
mean,0.0016033649444580078,0.004803657531738281,0.8880906408835679,0.0,0.5,-3.8652123310202064
std,0.0005479331770116882,0.00045097052278603346,0.0004571573940265097,0.0,0.0,0.01578965700956307
min,0.0010006427764892578,0.003997325897216797,0.8876909254267745,0.0,0.5,-3.8790180138039867
25%,0.0010056495666503906,0.004995822906494141,0.8877917414721723,0.0,0.5,-3.8755359509549696
50%,0.002000093460083008,0.00499725341796875,0.8877917414721723,0.0,0.5,-3.8755359509549696
75%,0.002002239227294922,0.004998445510864258,0.8885893980233602,0.0,0.5,-3.8479858696935536
max,0.002008199691772461,0.005029439926147461,0.8885893980233602,0.0,0.5,-3.8479858696935536
