,fit_time,score_time,test_accuracy,test_f1,test_roc_auc,test_neg_log_loss
count,5.0,5.0,5.0,5.0,5.0,5.0
mean,8.946781110763549,0.04200525283813476,0.889707246334732,0.07682231713520386,0.8227001327254891,-0.2884059724337337
std,1.2022953819463333,0.032906676570684225,0.0031985497428654677,0.034576877303213065,0.032040216709497846,0.009136212183571194
min,8.213242292404175,0.022029876708984375,0.8858939802336029,0.031746031746031744,0.7750334322711112,-0.3009797195793535
25%,8.282122135162354,0.0229794979095459,0.8868940754039497,0.059701492537313425,0.8156373332463551,-0.29249587538582444
50%,8.309768438339233,0.02899909019470215,0.8903863432165319,0.07692307692307693,0.8202709807886754,-0.2888978075737532
75%,8.886105298995972,0.036002159118652344,0.8922800718132855,0.0916030534351145,0.8427692307692307,-0.28224254443163826
max,11.042667388916016,0.10001564025878906,0.8930817610062893,0.12413793103448274,0.8597896865520729,-0.2774139151980992
