,fit_time,score_time,test_accuracy,test_f1,test_roc_auc,test_neg_log_loss
count,5.0,5.0,5.0,5.0,5.0,5.0
mean,5.051200437545776,0.017964839935302734,0.889707246334732,0.07682231713520386,0.8227001327254891,-0.2884059724337337
std,0.10280195634498616,0.00270771098574222,0.0031985497428654677,0.034576877303213065,0.032040216709497846,0.009136212183571194
min,4.926716566085815,0.016571760177612305,0.8858939802336029,0.031746031746031744,0.7750334322711112,-0.3009797195793535
25%,4.991543531417847,0.016632795333862305,0.8868940754039497,0.059701492537313425,0.8156373332463551,-0.29249587538582444
50%,5.060090065002441,0.016794681549072266,0.8903863432165319,0.07692307692307693,0.8202709807886754,-0.2888978075737532
75%,5.076447010040283,0.017026662826538086,0.8922800718132855,0.0916030534351145,0.8427692307692307,-0.28224254443163826
max,5.201205015182495,0.02279829978942871,0.8930817610062893,0.12413793103448274,0.8597896865520729,-0.2774139151980992
