,fit_time,score_time,test_accuracy,test_f1,test_roc_auc,test_neg_log_loss
count,5.0,5.0,5.0,5.0,5.0,5.0
mean,409.7279054164886,0.010638952255249023,0.889707246334732,0.07682231713520386,0.8227001327254891,-0.2884059724337337
std,558.9457807495654,0.0005370402706527746,0.0031985497428654677,0.034576877303213065,0.032040216709497846,0.009136212183571194
min,2.322019100189209,0.010310888290405273,0.8858939802336029,0.031746031746031744,0.7750334322711112,-0.3009797195793535
25%,2.368828058242798,0.010391950607299805,0.8868940754039497,0.059701492537313425,0.8156373332463551,-0.29249587538582444
50%,2.503290891647339,0.010432004928588867,0.8903863432165319,0.07692307692307693,0.8202709807886754,-0.2888978075737532
75%,969.2473709583282,0.010465860366821289,0.8922800718132855,0.0916030534351145,0.8427692307692307,-0.28224254443163826
max,1072.1980180740356,0.011594057083129883,0.8930817610062893,0.12413793103448274,0.8597896865520729,-0.2774139151980992
