,fit_time,score_time,test_accuracy,test_f1,test_roc_auc,test_neg_log_loss
count,5.0,5.0,5.0,5.0,5.0,5.0
mean,4.822411775588989,0.017195653915405274,0.889707246334732,0.07682231713520386,0.8227001327254891,-0.2884059724337337
std,0.04622923275820918,0.0016363426423910718,0.0031985497428654677,0.034576877303213065,0.032040216709497846,0.009136212183571194
min,4.785036087036133,0.01600050926208496,0.8858939802336029,0.031746031746031744,0.7750334322711112,-0.3009797195793535
25%,4.796762704849243,0.016000747680664062,0.8868940754039497,0.059701492537313425,0.8156373332463551,-0.29249587538582444
50%,4.80697226524353,0.01699090003967285,0.8903863432165319,0.07692307692307693,0.8202709807886754,-0.2888978075737532
75%,4.821787595748901,0.017002105712890625,0.8922800718132855,0.0916030534351145,0.8427692307692307,-0.28224254443163826
max,4.901500225067139,0.019984006881713867,0.8930817610062893,0.12413793103448274,0.8597896865520729,-0.2774139151980992
