,fit_time,score_time,test_accuracy,test_f1,test_roc_auc,test_neg_log_loss
count,5.0,5.0,5.0,5.0,5.0,5.0
mean,0.009397459030151368,0.4280269145965576,0.8893483412131153,0.26001983739650375,0.717167551859801,-1.6638319229048295
std,0.0019464600369190291,0.01504018160447186,0.005994097742057077,0.1267542475920263,0.06238672329445646,0.5338832654041985
min,0.006000518798828125,0.409135103225708,0.881508078994614,0.125,0.6371130826184807,-2.3745974515601382
25%,0.009999513626098633,0.41700100898742676,0.8867924528301887,0.15827338129496402,0.6889290257346945,-1.8451068991579924
50%,0.009999990463256836,0.43000030517578125,0.8876909254267745,0.24242424242424243,0.7023579373104146,-1.7475045271923213
75%,0.010000228881835938,0.43799781799316406,0.8949730700179533,0.348314606741573,0.7618987854251011,-1.4199712393146124
max,0.010987043380737305,0.446000337600708,0.8957771787960467,0.4260869565217391,0.7955389282103134,-0.9319794972990827
