,fit_time,score_time,test_accuracy,test_f1,test_roc_auc,test_neg_log_loss
count,5.0,5.0,5.0,5.0,5.0,5.0
mean,0.01459956169128418,0.6453623294830322,0.8893483412131153,0.26001983739650375,0.717167551859801,-1.6638319229048295
std,0.0020713502089585293,0.04214770019548596,0.005994097742057077,0.1267542475920263,0.06238672329445646,0.5338832654041985
min,0.01200103759765625,0.6007931232452393,0.881508078994614,0.125,0.6371130826184807,-2.3745974515601382
25%,0.01300048828125,0.6068892478942871,0.8867924528301887,0.15827338129496402,0.6889290257346945,-1.8451068991579924
50%,0.015000581741333008,0.6445152759552002,0.8876909254267745,0.24242424242424243,0.7023579373104146,-1.7475045271923213
75%,0.016005516052246094,0.6795709133148193,0.8949730700179533,0.348314606741573,0.7618987854251011,-1.4199712393146124
max,0.016990184783935547,0.6950430870056152,0.8957771787960467,0.4260869565217391,0.7955389282103134,-0.9319794972990827
