,fit_time,score_time,test_accuracy,test_f1,test_roc_auc,test_neg_log_loss
count,5.0,5.0,5.0,5.0,5.0,5.0
mean,0.011398553848266602,0.5671289443969727,0.8893483412131153,0.26001983739650375,0.717167551859801,-1.6638319229048295
std,0.0025096139242479065,0.044291445026238586,0.005994097742057077,0.1267542475920263,0.06238672329445646,0.5338832654041985
min,0.006999492645263672,0.5060024261474609,0.881508078994614,0.125,0.6371130826184807,-2.3745974515601382
25%,0.011996269226074219,0.5405640602111816,0.8867924528301887,0.15827338129496402,0.6889290257346945,-1.8451068991579924
50%,0.011998891830444336,0.5750751495361328,0.8876909254267745,0.24242424242424243,0.7023579373104146,-1.7475045271923213
75%,0.012996435165405273,0.5980017185211182,0.8949730700179533,0.348314606741573,0.7618987854251011,-1.4199712393146124
max,0.013001680374145508,0.6160013675689697,0.8957771787960467,0.4260869565217391,0.7955389282103134,-0.9319794972990827
