,fit_time,score_time,test_accuracy,test_f1,test_roc_auc,test_neg_log_loss
count,5.0,5.0,5.0,5.0,5.0,5.0
mean,0.007531261444091797,1.0708206653594972,0.8893483412131153,0.26001983739650375,0.717167551859801,-1.6638319229048295
std,0.007213251127419816,0.0518856192875387,0.005994097742057077,0.1267542475920263,0.06238672329445646,0.5338832654041985
min,0.004209756851196289,1.0061800479888916,0.881508078994614,0.125,0.6371130826184807,-2.3745974515601382
25%,0.004250764846801758,1.0445079803466797,0.8867924528301887,0.15827338129496402,0.6889290257346945,-1.8451068991579924
50%,0.004343986511230469,1.057366132736206,0.8876909254267745,0.24242424242424243,0.7023579373104146,-1.7475045271923213
75%,0.004417896270751953,1.1114881038665771,0.8949730700179533,0.348314606741573,0.7618987854251011,-1.4199712393146124
max,0.020433902740478516,1.1345610618591309,0.8957771787960467,0.4260869565217391,0.7955389282103134,-0.9319794972990827
