,fit_time,score_time,test_accuracy,test_f1,test_roc_auc,test_neg_log_loss
count,5.0,5.0,5.0,5.0,5.0,5.0
mean,0.3303872585296631,0.009924840927124024,0.8778538602867046,0.38525402156350175,0.8073696116336777,-0.35633671232025105
std,0.025177005915817577,0.0013844186104071449,0.019070064030367873,0.06675966084433478,0.03318463576559229,0.028596029350248048
min,0.3108811378479004,0.009075164794921875,0.848294434470377,0.29069767441860467,0.7686446068038749,-0.40435795189619117
25%,0.31375932693481445,0.009189844131469727,0.8697214734950584,0.36065573770491804,0.7877856420626894,-0.3581584387755721
50%,0.3242480754852295,0.009246349334716797,0.8858939802336029,0.39810426540284355,0.8026150559378976,-0.34798475128420336
75%,0.3297598361968994,0.009755849838256836,0.8903863432165319,0.40329218106995884,0.8229230769230769,-0.3395324304336387
max,0.3732879161834717,0.012356996536254883,0.8949730700179533,0.4735202492211838,0.8548796764408493,-0.33164998921164973
