,fit_time,score_time,test_accuracy,test_f1,test_roc_auc,test_neg_log_loss
count,5.0,5.0,5.0,5.0,5.0,5.0
mean,0.27519927024841306,0.01799798011779785,0.8778538602867046,0.38525402156350175,0.8073696116336777,-0.3563367137431158
std,0.02419155244414622,0.001581401814268331,0.019070064030367873,0.06675966084433478,0.03318463576559225,0.02859602776203233
min,0.25400400161743164,0.015998125076293945,0.848294434470377,0.29069767441860467,0.768644606803875,-0.404357951903164
25%,0.2669656276702881,0.01699662208557129,0.8697214734950584,0.36065573770491804,0.7877856420626894,-0.35815843852937274
50%,0.2689993381500244,0.01799774169921875,0.8858939802336029,0.39810426540284355,0.8026150559378976,-0.3479847512822322
75%,0.2690267562866211,0.01900029182434082,0.8903863432165319,0.40329218106995884,0.8229230769230769,-0.33953243043544756
max,0.3170006275177002,0.019997119903564453,0.8949730700179533,0.4735202492211838,0.8548796764408493,-0.33164999656536254
