,fit_time,score_time,test_accuracy,test_f1,test_roc_auc,test_neg_log_loss
count,5.0,5.0,5.0,5.0,5.0,5.0
mean,0.7189816474914551,0.06120767593383789,0.8968909944656025,0.21930693427687245,0.8392081794872235,-0.32852343842809334
std,0.11192429804865173,0.01060800831564122,0.005398492282153008,0.12918375673123392,0.038350607456311706,0.08816601247012096
min,0.5727677345275879,0.05489802360534668,0.8921832884097035,0.11851851851851852,0.801008676082064,-0.44767170805022455
25%,0.6668040752410889,0.05536031723022461,0.8930817610062893,0.13043478260869565,0.8059745914739554,-0.39354375354101356
50%,0.6971602439880371,0.05723738670349121,0.895870736086176,0.1343283582089552,0.8302123356926188,-0.29726615751706215
75%,0.8037488460540771,0.05854034423828125,0.8975741239892183,0.3132530120481928,0.8779959514170039,-0.25280278980265825
max,0.8544273376464844,0.0800023078918457,0.9057450628366248,0.4,0.8808493427704752,-0.2513327832295082
