,fit_time,score_time,test_accuracy,test_f1,test_roc_auc,test_neg_log_loss
count,5.0,5.0,5.0,5.0,5.0,5.0
mean,0.7038736343383789,0.056971263885498044,0.8968909944656025,0.21930693427687245,0.8392081794872235,-0.32852343842809334
std,0.07605614506946978,0.000581474990729515,0.005398492282153008,0.12918375673123392,0.038350607456311706,0.08816601247012096
min,0.6382458209991455,0.05606532096862793,0.8921832884097035,0.11851851851851852,0.801008676082064,-0.44767170805022455
25%,0.6526811122894287,0.05699586868286133,0.8930817610062893,0.13043478260869565,0.8059745914739554,-0.39354375354101356
50%,0.6556870937347412,0.05699729919433594,0.895870736086176,0.1343283582089552,0.8302123356926188,-0.29726615751706215
75%,0.774653434753418,0.05711197853088379,0.8975741239892183,0.3132530120481928,0.8779959514170039,-0.25280278980265825
max,0.7981007099151611,0.05768585205078125,0.9057450628366248,0.4,0.8808493427704752,-0.2513327832295082
