,fit_time,score_time,test_accuracy,test_f1,test_roc_auc,test_neg_log_loss
count,5.0,5.0,5.0,5.0,5.0,5.0
mean,1.0710039615631104,0.10140790939331054,0.8968909944656025,0.21930693427687245,0.8392081794872235,-0.32852343842809334
std,0.13770263385148196,0.011043086635237445,0.005398492282153008,0.12918375673123392,0.038350607456311706,0.08816601247012096
min,0.903937816619873,0.0944981575012207,0.8921832884097035,0.11851851851851852,0.801008676082064,-0.44767170805022455
25%,0.9976587295532227,0.09560823440551758,0.8930817610062893,0.13043478260869565,0.8059745914739554,-0.39354375354101356
50%,1.0466129779815674,0.0969996452331543,0.895870736086176,0.1343283582089552,0.8302123356926188,-0.29726615751706215
75%,1.1446583271026611,0.09900140762329102,0.8975741239892183,0.3132530120481928,0.8779959514170039,-0.25280278980265825
max,1.2621519565582275,0.12093210220336914,0.9057450628366248,0.4,0.8808493427704752,-0.2513327832295082
