,fit_time,score_time,test_accuracy,test_f1,test_roc_auc,test_neg_log_loss
count,5.0,5.0,5.0,5.0,5.0,5.0
mean,15.957830667495728,0.8950175762176513,0.8534271809736733,0.3592913369482409,0.7583533614965086,-0.31768206901674645
std,1.7495480011370288,0.14146836816868727,0.020694981196362358,0.07602486389660919,0.04075460429541891,0.022298392088098726
min,13.655611753463745,0.7381477355957031,0.8168761220825853,0.24365482233502536,0.7047237352816466,-0.3462039089621399
25%,14.663699388504028,0.797982931137085,0.8580413297394429,0.329004329004329,0.7323518705763398,-0.3370041440142128
50%,16.423799991607666,0.8860032558441162,0.8608617594254937,0.37500000000000006,0.7600092958022114,-0.3067888175765529
75%,17.247416734695435,0.95102858543396,0.8652291105121294,0.41714285714285715,0.7924048582995952,-0.2997968767392088
max,17.798625469207764,1.1019253730773926,0.8661275831087152,0.43165467625899284,0.8022770475227502,-0.29861659779161775
