,fit_time,score_time,test_accuracy,test_f1,test_roc_auc,test_neg_log_loss
count,5.0,5.0,5.0,5.0,5.0,5.0
mean,1730.6836338043213,0.5822673320770264,0.8534271809736733,0.3592913369482409,0.7583533614965086,-0.3197447759775622
std,428.9239728409779,0.011511523140654383,0.020694981196362358,0.07602486389660919,0.04075460429541891,0.022553923460187277
min,965.6757769584656,0.5706868171691895,0.8168761220825853,0.24365482233502536,0.7047237352816466,-0.3503749132546015
25%,1887.742660999298,0.5758330821990967,0.8580413297394429,0.329004329004329,0.7323518705763398,-0.336601840648677
50%,1890.4705920219421,0.5771620273590088,0.8608617594254937,0.37500000000000006,0.7600092958022114,-0.30999765858450506
75%,1950.1746168136597,0.5882947444915771,0.8652291105121294,0.41714285714285715,0.7924048582995952,-0.30248542086215224
max,1959.354522228241,0.5993599891662598,0.8661275831087152,0.43165467625899284,0.8022770475227502,-0.29926404653787525
